title t,movie_companies mc#t.id=mc.movie_id#mc.company_type_id,=,2#1334883
title t,movie_info_idx mi_idx,movie_companies mc#t.id=mi_idx.movie_id,t.id=mc.movie_id#mi_idx.info_type_id,=,112,mc.company_type_id,=,2#715
movie_info_idx mi_idx,title t#t.id=mi_idx.movie_id#mi_idx.info_type_id,=,112#250
movie_info_idx mi_idx,movie_companies mc,title t#t.id=mi_idx.movie_id,t.id=mc.movie_id#mi_idx.info_type_id,=,112,mc.company_type_id,=,2#715
title t,movie_companies mc#t.id=mc.movie_id#t.production_year,>,2005,t.production_year,<,2010,mc.company_type_id,=,2#211875
title t,movie_info_idx mi_idx,movie_companies mc#t.id=mi_idx.movie_id,t.id=mc.movie_id#mi_idx.info_type_id,=,113,mc.company_type_id,=,2#22
movie_info_idx mi_idx,title t#t.id=mi_idx.movie_id#mi_idx.info_type_id,=,113,t.production_year,>,2005,t.production_year,<,2010#3
movie_info_idx mi_idx,movie_companies mc,title t#t.id=mi_idx.movie_id,t.id=mc.movie_id#mi_idx.info_type_id,=,113,mc.company_type_id,=,2,t.production_year,>,2005,t.production_year,<,2010#9
title t,movie_companies mc#t.id=mc.movie_id#t.production_year,>,2010,mc.company_type_id,=,2#176197
title t,movie_info_idx mi_idx,movie_companies mc#t.id=mi_idx.movie_id,t.id=mc.movie_id#mi_idx.info_type_id,=,112,mc.company_type_id,=,2#715
movie_info_idx mi_idx,title t#t.id=mi_idx.movie_id#mi_idx.info_type_id,=,112,t.production_year,>,2010#12
movie_info_idx mi_idx,movie_companies mc,title t#t.id=mi_idx.movie_id,t.id=mc.movie_id#mi_idx.info_type_id,=,112,mc.company_type_id,=,2,t.production_year,>,2010#47
title t,movie_companies mc#t.id=mc.movie_id#t.production_year,>,2000,mc.company_type_id,=,2#620001
title t,movie_info_idx mi_idx,movie_companies mc#t.id=mi_idx.movie_id,t.id=mc.movie_id#mi_idx.info_type_id,=,113,mc.company_type_id,=,2#22
movie_info_idx mi_idx,title t#t.id=mi_idx.movie_id#mi_idx.info_type_id,=,113,t.production_year,>,2000#6
movie_info_idx mi_idx,movie_companies mc,title t#t.id=mi_idx.movie_id,t.id=mc.movie_id#mi_idx.info_type_id,=,113,mc.company_type_id,=,2,t.production_year,>,2000#16
title t,movie_companies mc#t.id=mc.movie_id##2609129
title t,movie_keyword mk,movie_companies mc#t.id=mk.movie_id,t.id=mc.movie_id#mk.keyword_id,=,117#148552
movie_keyword mk,title t#t.id=mk.movie_id#mk.keyword_id,=,117#41840
movie_keyword mk,movie_companies mc,title t#t.id=mk.movie_id,t.id=mc.movie_id#mk.keyword_id,=,117#148552
movie_info mi,title t#t.id=mi.movie_id#t.production_year,>,2005#4922359
movie_keyword mk,title t#t.id=mk.movie_id#t.production_year,>,2005#1253091
title t,movie_keyword mk,movie_info mi#t.id=mk.movie_id,t.id=mi.movie_id##235420417
movie_keyword mk,title t,movie_info mi#t.id=mk.movie_id,t.id=mi.movie_id#t.production_year,>,2005#62682311
movie_info mi,title t#t.id=mi.movie_id#t.production_year,>,2010#1726523
movie_keyword mk,title t#t.id=mk.movie_id#t.production_year,>,2010#299534
title t,movie_keyword mk,movie_info mi#t.id=mk.movie_id,t.id=mi.movie_id##235420417
movie_keyword mk,title t,movie_info mi#t.id=mk.movie_id,t.id=mi.movie_id#t.production_year,>,2010#11990578
movie_info mi,title t#t.id=mi.movie_id#t.production_year,>,1990#9092685
movie_keyword mk,title t#t.id=mk.movie_id#t.production_year,>,1990#2742670
title t,movie_keyword mk,movie_info mi#t.id=mk.movie_id,t.id=mi.movie_id##235420417
movie_keyword mk,title t,movie_info mi#t.id=mk.movie_id,t.id=mi.movie_id#t.production_year,>,1990#157041640
movie_info_idx mi_idx,title t#t.id=mi_idx.movie_id#mi_idx.info_type_id,=,101,t.production_year,>,2005#143567
movie_keyword mk,title t#t.id=mk.movie_id#t.production_year,>,2005#1253091
title t,movie_keyword mk,movie_info_idx mi_idx#t.id=mk.movie_id,t.id=mi_idx.movie_id#mi_idx.info_type_id,=,101#3461792
movie_keyword mk,title t,movie_info_idx mi_idx#t.id=mk.movie_id,t.id=mi_idx.movie_id#t.production_year,>,2005,mi_idx.info_type_id,=,101#850677
movie_info_idx mi_idx,title t#t.id=mi_idx.movie_id#mi_idx.info_type_id,=,101,t.production_year,>,2010#43838
movie_keyword mk,title t#t.id=mk.movie_id#t.production_year,>,2010#299534
title t,movie_keyword mk,movie_info_idx mi_idx#t.id=mk.movie_id,t.id=mi_idx.movie_id#mi_idx.info_type_id,=,101#3461792
movie_keyword mk,title t,movie_info_idx mi_idx#t.id=mk.movie_id,t.id=mi_idx.movie_id#t.production_year,>,2010,mi_idx.info_type_id,=,101#179616
movie_info_idx mi_idx,title t#t.id=mi_idx.movie_id#mi_idx.info_type_id,=,101,t.production_year,>,1990#303486
movie_keyword mk,title t#t.id=mk.movie_id#t.production_year,>,1990#2742670
title t,movie_keyword mk,movie_info_idx mi_idx#t.id=mk.movie_id,t.id=mi_idx.movie_id#mi_idx.info_type_id,=,101#3461792
movie_keyword mk,title t,movie_info_idx mi_idx#t.id=mk.movie_id,t.id=mi_idx.movie_id#t.production_year,>,1990,mi_idx.info_type_id,=,101#2031666
movie_info mi,title t#t.id=mi.movie_id#t.production_year,>,2005#4922359
movie_companies mc,title t#t.id=mc.movie_id#mc.company_type_id,=,2,t.production_year,>,2005#450556
title t,movie_companies mc,movie_info mi#t.id=mc.movie_id,t.id=mi.movie_id#mc.company_type_id,=,2#19468013
movie_companies mc,title t,movie_info mi#t.id=mc.movie_id,t.id=mi.movie_id#mc.company_type_id,=,2,t.production_year,>,2005#6333736
movie_info mi,title t#t.id=mi.movie_id#t.production_year,>,2010#1726523
movie_companies mc,title t#t.id=mc.movie_id#mc.company_type_id,=,2,t.production_year,>,2010#176197
title t,movie_companies mc,movie_info mi#t.id=mc.movie_id,t.id=mi.movie_id#mc.company_type_id,=,2#19468013
movie_companies mc,title t,movie_info mi#t.id=mc.movie_id,t.id=mi.movie_id#mc.company_type_id,=,2,t.production_year,>,2010#1931628
movie_info mi,title t#t.id=mi.movie_id#t.production_year,>,1990#9092685
movie_companies mc,title t#t.id=mc.movie_id#mc.company_type_id,=,2,t.production_year,>,1990#794787
title t,movie_companies mc,movie_info mi#t.id=mc.movie_id,t.id=mi.movie_id#mc.company_type_id,=,2#19468013
movie_companies mc,title t,movie_info mi#t.id=mc.movie_id,t.id=mi.movie_id#mc.company_type_id,=,2,t.production_year,>,1990#12738520
title t,movie_keyword mk#t.id=mk.movie_id#t.production_year,>,2010,mk.keyword_id,=,8200#11
title t,cast_info ci,movie_keyword mk#t.id=ci.movie_id,t.id=mk.movie_id#mk.keyword_id,=,8200#1242
cast_info ci,title t#t.id=ci.movie_id#t.production_year,>,2010#5935230
cast_info ci,movie_keyword mk,title t#t.id=ci.movie_id,t.id=mk.movie_id#mk.keyword_id,=,8200,t.production_year,>,2010#1224
title t,movie_keyword mk#t.id=mk.movie_id#t.production_year,>,2014#1054
title t,cast_info ci,movie_keyword mk#t.id=ci.movie_id,t.id=mk.movie_id##215765477
cast_info ci,title t#t.id=ci.movie_id#t.production_year,>,2014#3099
cast_info ci,movie_keyword mk,title t#t.id=ci.movie_id,t.id=mk.movie_id#t.production_year,>,2014#13221
title t,movie_keyword mk#t.id=mk.movie_id#t.production_year,>,2014,mk.keyword_id,=,8200#2
title t,cast_info ci,movie_keyword mk#t.id=ci.movie_id,t.id=mk.movie_id#mk.keyword_id,=,8200#1242
cast_info ci,title t#t.id=ci.movie_id#t.production_year,>,2014#3099
cast_info ci,movie_keyword mk,title t#t.id=ci.movie_id,t.id=mk.movie_id#mk.keyword_id,=,8200,t.production_year,>,2014#33
title t,movie_keyword mk#t.id=mk.movie_id#t.production_year,>,2000,mk.keyword_id,=,8200#11
title t,cast_info ci,movie_keyword mk#t.id=ci.movie_id,t.id=mk.movie_id#mk.keyword_id,=,8200#1242
cast_info ci,title t#t.id=ci.movie_id#t.production_year,>,2000#21334720
cast_info ci,movie_keyword mk,title t#t.id=ci.movie_id,t.id=mk.movie_id#mk.keyword_id,=,8200,t.production_year,>,2000#1224
title t,movie_keyword mk#t.id=mk.movie_id#t.production_year,>,2000#1970380
title t,cast_info ci,movie_keyword mk#t.id=ci.movie_id,t.id=mk.movie_id##215765477
cast_info ci,title t#t.id=ci.movie_id#t.production_year,>,2000#21334720
cast_info ci,movie_keyword mk,title t#t.id=ci.movie_id,t.id=mk.movie_id#t.production_year,>,2000#114182642
title t,cast_info ci#t.id=ci.movie_id#t.production_year,>,1980,t.production_year,<,1995#4533382
title t,cast_info ci#t.id=ci.movie_id#t.production_year,>,1980,t.production_year,<,1984#695701
title t,cast_info ci#t.id=ci.movie_id#t.production_year,>,1980,t.production_year,<,2010#21454165
title t,cast_info ci#t.id=ci.movie_id#ci.role_id,=,2#7451973
title t,movie_companies mc,cast_info ci#t.id=mc.movie_id,t.id=ci.movie_id#ci.role_id,=,2#13355828
movie_companies mc,title t#t.id=mc.movie_id##2609129
movie_companies mc,cast_info ci,title t#t.id=mc.movie_id,t.id=ci.movie_id#ci.role_id,=,2#13355828
title t,cast_info ci#t.id=ci.movie_id#ci.role_id,=,4#2728943
title t,movie_companies mc,cast_info ci#t.id=mc.movie_id,t.id=ci.movie_id#ci.role_id,=,4#4450853
movie_companies mc,title t#t.id=mc.movie_id##2609129
movie_companies mc,cast_info ci,title t#t.id=mc.movie_id,t.id=ci.movie_id#ci.role_id,=,4#4450853
title t,cast_info ci#t.id=ci.movie_id#ci.role_id,=,7#276403
title t,movie_companies mc,cast_info ci#t.id=mc.movie_id,t.id=ci.movie_id#ci.role_id,=,7#794591
movie_companies mc,title t#t.id=mc.movie_id##2609129
movie_companies mc,cast_info ci,title t#t.id=mc.movie_id,t.id=ci.movie_id#ci.role_id,=,7#794591
title t,cast_info ci#t.id=ci.movie_id#t.production_year,>,2005,t.production_year,<,2015,ci.role_id,=,2#3211898
title t,movie_companies mc,cast_info ci#t.id=mc.movie_id,t.id=ci.movie_id#ci.role_id,=,2#13355828
movie_companies mc,title t#t.id=mc.movie_id#t.production_year,>,2005,t.production_year,<,2015#828838
movie_companies mc,cast_info ci,title t#t.id=mc.movie_id,t.id=ci.movie_id#ci.role_id,=,2,t.production_year,>,2005,t.production_year,<,2015#4893440
title t,cast_info ci#t.id=ci.movie_id#t.production_year,>,2007,t.production_year,<,2010,ci.role_id,=,2#882675
title t,movie_companies mc,cast_info ci#t.id=mc.movie_id,t.id=ci.movie_id#ci.role_id,=,2#13355828
movie_companies mc,title t#t.id=mc.movie_id#t.production_year,>,2007,t.production_year,<,2010#221088
movie_companies mc,cast_info ci,title t#t.id=mc.movie_id,t.id=ci.movie_id#ci.role_id,=,2,t.production_year,>,2007,t.production_year,<,2010#1381288
cast_info ci,title t#t.id=ci.movie_id#ci.role_id,=,1,t.production_year,>,2005#4864041
movie_companies mc,title t#t.id=mc.movie_id#t.production_year,>,2005#829639
title t,movie_companies mc,cast_info ci#t.id=mc.movie_id,t.id=ci.movie_id#ci.role_id,=,1#27322258
movie_companies mc,title t,cast_info ci#t.id=mc.movie_id,t.id=ci.movie_id#t.production_year,>,2005,ci.role_id,=,1#8720023
cast_info ci,title t#t.id=ci.movie_id#ci.role_id,=,1,t.production_year,>,2010#1759319
movie_companies mc,title t#t.id=mc.movie_id#t.production_year,>,2010#294635
title t,movie_companies mc,cast_info ci#t.id=mc.movie_id,t.id=ci.movie_id#ci.role_id,=,1#27322258
movie_companies mc,title t,cast_info ci#t.id=mc.movie_id,t.id=ci.movie_id#t.production_year,>,2010,ci.role_id,=,1#2873214
cast_info ci,title t#t.id=ci.movie_id#t.production_year,>,1990#26775477
movie_companies mc,title t#t.id=mc.movie_id#t.production_year,>,1990#1508127
title t,movie_companies mc,cast_info ci#t.id=mc.movie_id,t.id=ci.movie_id##80274241
movie_companies mc,title t,cast_info ci#t.id=mc.movie_id,t.id=ci.movie_id#t.production_year,>,1990#56965403
movie_keyword mk,title t#t.id=mk.movie_id#mk.keyword_id,=,398,t.production_year,>,1950,t.production_year,<,2000#5181
movie_companies mc,title t#t.id=mc.movie_id#mc.company_type_id,=,2,t.production_year,>,1950,t.production_year,<,2000#511921
title t,movie_companies mc,movie_keyword mk#t.id=mc.movie_id,t.id=mk.movie_id#mc.company_type_id,=,2,mk.keyword_id,=,398#14102
movie_companies mc,title t,movie_keyword mk#t.id=mc.movie_id,t.id=mk.movie_id#mc.company_type_id,=,2,t.production_year,>,1950,t.production_year,<,2000,mk.keyword_id,=,398#7153
movie_keyword mk,title t#t.id=mk.movie_id#mk.keyword_id,=,398#10544
movie_companies mc,title t#t.id=mc.movie_id#mc.company_type_id,=,2#1334883
title t,movie_companies mc,movie_keyword mk#t.id=mc.movie_id,t.id=mk.movie_id#mc.company_type_id,=,2,mk.keyword_id,=,398#14102
movie_companies mc,title t,movie_keyword mk#t.id=mc.movie_id,t.id=mk.movie_id#mc.company_type_id,=,2,mk.keyword_id,=,398#14102
movie_keyword mk,title t#t.id=mk.movie_id#t.production_year,>,1950#3961736
movie_companies mc,title t#t.id=mc.movie_id#t.production_year,>,1950#2229308
title t,movie_companies mc,movie_keyword mk#t.id=mc.movie_id,t.id=mk.movie_id##34863638
movie_companies mc,title t,movie_keyword mk#t.id=mc.movie_id,t.id=mk.movie_id#t.production_year,>,1950#31339132
movie_info mi,title t#t.id=mi.movie_id#mi.info_type_id,=,3,t.production_year,>,2005,t.production_year,<,2008#107622
movie_info_idx mi_idx,title t#t.id=mi_idx.movie_id#mi_idx.info_type_id,=,101,t.production_year,>,2005,t.production_year,<,2008#39862
movie_companies mc,title t#t.id=mc.movie_id#mc.company_type_id,=,2,t.production_year,>,2005,t.production_year,<,2008#97755
title t,movie_info_idx mi_idx,movie_info mi#t.id=mi_idx.movie_id,t.id=mi.movie_id#mi_idx.info_type_id,=,101,mi.info_type_id,=,3#546205
title t,movie_companies mc,movie_info mi#t.id=mc.movie_id,t.id=mi.movie_id#mc.company_type_id,=,2,mi.info_type_id,=,3#1528236
title t,movie_companies mc,movie_info_idx mi_idx#t.id=mc.movie_id,t.id=mi_idx.movie_id#mc.company_type_id,=,2,mi_idx.info_type_id,=,101#584222
movie_info_idx mi_idx,title t,movie_info mi#t.id=mi_idx.movie_id,t.id=mi.movie_id#mi_idx.info_type_id,=,101,t.production_year,>,2005,t.production_year,<,2008,mi.info_type_id,=,3#45776
movie_companies mc,title t,movie_info mi#t.id=mc.movie_id,t.id=mi.movie_id#mc.company_type_id,=,2,t.production_year,>,2005,t.production_year,<,2008,mi.info_type_id,=,3#118187
movie_companies mc,title t,movie_info_idx mi_idx#t.id=mc.movie_id,t.id=mi_idx.movie_id#mc.company_type_id,=,2,t.production_year,>,2005,t.production_year,<,2008,mi_idx.info_type_id,=,101#52944
title t,movie_companies mc,movie_info mi,movie_info_idx mi_idx#t.id=mc.movie_id,t.id=mi.movie_id,t.id=mi_idx.movie_id#mc.company_type_id,=,2,mi.info_type_id,=,3,mi_idx.info_type_id,=,101#815636
movie_companies mc,title t,movie_info mi,movie_info_idx mi_idx#t.id=mc.movie_id,t.id=mi.movie_id,t.id=mi_idx.movie_id#mc.company_type_id,=,2,t.production_year,>,2005,t.production_year,<,2008,mi.info_type_id,=,3,mi_idx.info_type_id,=,101#75440
movie_info mi,title t#t.id=mi.movie_id#mi.info_type_id,=,105#121863
movie_info_idx mi_idx,title t#t.id=mi_idx.movie_id#mi_idx.info_type_id,=,113#10
movie_companies mc,title t#t.id=mc.movie_id##2609129
title t,movie_info_idx mi_idx,movie_info mi#t.id=mi_idx.movie_id,t.id=mi.movie_id#mi_idx.info_type_id,=,113,mi.info_type_id,=,105#4
title t,movie_companies mc,movie_info mi#t.id=mc.movie_id,t.id=mi.movie_id#mi.info_type_id,=,105#360355
title t,movie_companies mc,movie_info_idx mi_idx#t.id=mc.movie_id,t.id=mi_idx.movie_id#mi_idx.info_type_id,=,113#120
movie_info_idx mi_idx,title t,movie_info mi#t.id=mi_idx.movie_id,t.id=mi.movie_id#mi_idx.info_type_id,=,113,mi.info_type_id,=,105#4
movie_companies mc,title t,movie_info mi#t.id=mc.movie_id,t.id=mi.movie_id#mi.info_type_id,=,105#360355
movie_companies mc,title t,movie_info_idx mi_idx#t.id=mc.movie_id,t.id=mi_idx.movie_id#mi_idx.info_type_id,=,113#120
title t,movie_companies mc,movie_info mi,movie_info_idx mi_idx#t.id=mc.movie_id,t.id=mi.movie_id,t.id=mi_idx.movie_id#mi.info_type_id,=,105,mi_idx.info_type_id,=,113#72
movie_companies mc,title t,movie_info mi,movie_info_idx mi_idx#t.id=mc.movie_id,t.id=mi.movie_id,t.id=mi_idx.movie_id#mi.info_type_id,=,105,mi_idx.info_type_id,=,113#72
movie_info mi,title t#t.id=mi.movie_id#mi.info_type_id,=,3,t.production_year,>,2000,t.production_year,<,2010#435634
movie_info_idx mi_idx,title t#t.id=mi_idx.movie_id#mi_idx.info_type_id,=,101,t.production_year,>,2000,t.production_year,<,2010#157251
movie_companies mc,title t#t.id=mc.movie_id#mc.company_type_id,=,2,t.production_year,>,2000,t.production_year,<,2010#381320
title t,movie_info_idx mi_idx,movie_info mi#t.id=mi_idx.movie_id,t.id=mi.movie_id#mi_idx.info_type_id,=,101,mi.info_type_id,=,3#546205
title t,movie_companies mc,movie_info mi#t.id=mc.movie_id,t.id=mi.movie_id#mc.company_type_id,=,2,mi.info_type_id,=,3#1528236
title t,movie_companies mc,movie_info_idx mi_idx#t.id=mc.movie_id,t.id=mi_idx.movie_id#mc.company_type_id,=,2,mi_idx.info_type_id,=,101#584222
movie_info_idx mi_idx,title t,movie_info mi#t.id=mi_idx.movie_id,t.id=mi.movie_id#mi_idx.info_type_id,=,101,t.production_year,>,2000,t.production_year,<,2010,mi.info_type_id,=,3#185501
movie_companies mc,title t,movie_info mi#t.id=mc.movie_id,t.id=mi.movie_id#mc.company_type_id,=,2,t.production_year,>,2000,t.production_year,<,2010,mi.info_type_id,=,3#474153
movie_companies mc,title t,movie_info_idx mi_idx#t.id=mc.movie_id,t.id=mi_idx.movie_id#mc.company_type_id,=,2,t.production_year,>,2000,t.production_year,<,2010,mi_idx.info_type_id,=,101#207561
title t,movie_companies mc,movie_info mi,movie_info_idx mi_idx#t.id=mc.movie_id,t.id=mi.movie_id,t.id=mi_idx.movie_id#mc.company_type_id,=,2,mi.info_type_id,=,3,mi_idx.info_type_id,=,101#815636
movie_companies mc,title t,movie_info mi,movie_info_idx mi_idx#t.id=mc.movie_id,t.id=mi.movie_id,t.id=mi_idx.movie_id#mc.company_type_id,=,2,t.production_year,>,2000,t.production_year,<,2010,mi.info_type_id,=,3,mi_idx.info_type_id,=,101#305691
movie_info mi,title t#t.id=mi.movie_id#mi.info_type_id,=,16,t.kind_id,=,1#1083597
movie_companies mc,title t#t.id=mc.movie_id#mc.company_type_id,=,2,t.kind_id,=,1#640620
movie_info_idx mi_idx,title t#t.id=mi_idx.movie_id#mi_idx.info_type_id,=,101,t.kind_id,=,1#209880
title t,movie_companies mc,movie_info mi#t.id=mc.movie_id,t.id=mi.movie_id#mc.company_type_id,=,2,mi.info_type_id,=,16#3243070
title t,movie_info_idx mi_idx,movie_info mi#t.id=mi_idx.movie_id,t.id=mi.movie_id#mi_idx.info_type_id,=,101,mi.info_type_id,=,16#1118984
title t,movie_info_idx mi_idx,movie_companies mc#t.id=mi_idx.movie_id,t.id=mc.movie_id#mi_idx.info_type_id,=,101,mc.company_type_id,=,2#584222
movie_companies mc,title t,movie_info mi#t.id=mc.movie_id,t.id=mi.movie_id#mc.company_type_id,=,2,t.kind_id,=,1,mi.info_type_id,=,16#2250196
movie_info_idx mi_idx,title t,movie_info mi#t.id=mi_idx.movie_id,t.id=mi.movie_id#mi_idx.info_type_id,=,101,t.kind_id,=,1,mi.info_type_id,=,16#724731
movie_info_idx mi_idx,title t,movie_companies mc#t.id=mi_idx.movie_id,t.id=mc.movie_id#mi_idx.info_type_id,=,101,t.kind_id,=,1,mc.company_type_id,=,2#302610
title t,movie_info_idx mi_idx,movie_info mi,movie_companies mc#t.id=mi_idx.movie_id,t.id=mi.movie_id,t.id=mc.movie_id#mi_idx.info_type_id,=,101,mi.info_type_id,=,16,mc.company_type_id,=,2#2504990
movie_info_idx mi_idx,title t,movie_info mi,movie_companies mc#t.id=mi_idx.movie_id,t.id=mi.movie_id,t.id=mc.movie_id#mi_idx.info_type_id,=,101,t.kind_id,=,1,mi.info_type_id,=,16,mc.company_type_id,=,2#1919495
movie_info mi,title t#t.id=mi.movie_id#mi.info_type_id,=,8,t.production_year,>,2010,t.kind_id,=,1#108646
movie_info_idx mi_idx,title t#t.id=mi_idx.movie_id#mi_idx.info_type_id,=,101,t.production_year,>,2010,t.kind_id,=,1#17526
movie_keyword mk,title t#t.id=mk.movie_id#t.production_year,>,2010,t.kind_id,=,1#164339
title t,movie_info_idx mi_idx,movie_info mi#t.id=mi_idx.movie_id,t.id=mi.movie_id#mi_idx.info_type_id,=,101,mi.info_type_id,=,8#424997
title t,movie_keyword mk,movie_info mi#t.id=mk.movie_id,t.id=mi.movie_id#mi.info_type_id,=,8#5076091
title t,movie_keyword mk,movie_info_idx mi_idx#t.id=mk.movie_id,t.id=mi_idx.movie_id#mi_idx.info_type_id,=,101#3461792
movie_info_idx mi_idx,title t,movie_info mi#t.id=mi_idx.movie_id,t.id=mi.movie_id#mi_idx.info_type_id,=,101,t.production_year,>,2010,t.kind_id,=,1,mi.info_type_id,=,8#20716
movie_keyword mk,title t,movie_info mi#t.id=mk.movie_id,t.id=mi.movie_id#t.production_year,>,2010,t.kind_id,=,1,mi.info_type_id,=,8#209492
movie_keyword mk,title t,movie_info_idx mi_idx#t.id=mk.movie_id,t.id=mi_idx.movie_id#t.production_year,>,2010,t.kind_id,=,1,mi_idx.info_type_id,=,101#110975
title t,movie_keyword mk,movie_info mi,movie_info_idx mi_idx#t.id=mk.movie_id,t.id=mi.movie_id,t.id=mi_idx.movie_id#mi.info_type_id,=,8,mi_idx.info_type_id,=,101#4168677
movie_keyword mk,title t,movie_info mi,movie_info_idx mi_idx#t.id=mk.movie_id,t.id=mi.movie_id,t.id=mi_idx.movie_id#t.production_year,>,2010,t.kind_id,=,1,mi.info_type_id,=,8,mi_idx.info_type_id,=,101#150780
movie_info mi,title t#t.id=mi.movie_id#mi.info_type_id,=,8,t.kind_id,=,1#705350
movie_info_idx mi_idx,title t#t.id=mi_idx.movie_id#mi_idx.info_type_id,=,101,t.kind_id,=,1#209880
movie_keyword mk,title t#t.id=mk.movie_id#t.kind_id,=,1#2886675
title t,movie_info_idx mi_idx,movie_info mi#t.id=mi_idx.movie_id,t.id=mi.movie_id#mi_idx.info_type_id,=,101,mi.info_type_id,=,8#424997
title t,movie_keyword mk,movie_info mi#t.id=mk.movie_id,t.id=mi.movie_id#mi.info_type_id,=,8#5076091
title t,movie_keyword mk,movie_info_idx mi_idx#t.id=mk.movie_id,t.id=mi_idx.movie_id#mi_idx.info_type_id,=,101#3461792
movie_info_idx mi_idx,title t,movie_info mi#t.id=mi_idx.movie_id,t.id=mi.movie_id#mi_idx.info_type_id,=,101,t.kind_id,=,1,mi.info_type_id,=,8#238948
movie_keyword mk,title t,movie_info mi#t.id=mk.movie_id,t.id=mi.movie_id#t.kind_id,=,1,mi.info_type_id,=,8#3643079
movie_keyword mk,title t,movie_info_idx mi_idx#t.id=mk.movie_id,t.id=mi_idx.movie_id#t.kind_id,=,1,mi_idx.info_type_id,=,101#2503305
title t,movie_keyword mk,movie_info mi,movie_info_idx mi_idx#t.id=mk.movie_id,t.id=mi.movie_id,t.id=mi_idx.movie_id#mi.info_type_id,=,8,mi_idx.info_type_id,=,101#4168677
movie_keyword mk,title t,movie_info mi,movie_info_idx mi_idx#t.id=mk.movie_id,t.id=mi.movie_id,t.id=mi_idx.movie_id#t.kind_id,=,1,mi.info_type_id,=,8,mi_idx.info_type_id,=,101#3243247
movie_info mi,title t#t.id=mi.movie_id#mi.info_type_id,=,8,t.production_year,>,2005#455223
movie_info_idx mi_idx,title t#t.id=mi_idx.movie_id#mi_idx.info_type_id,=,101,t.production_year,>,2005#143567
movie_keyword mk,title t#t.id=mk.movie_id#t.production_year,>,2005#1253091
title t,movie_info_idx mi_idx,movie_info mi#t.id=mi_idx.movie_id,t.id=mi.movie_id#mi_idx.info_type_id,=,101,mi.info_type_id,=,8#424997
title t,movie_keyword mk,movie_info mi#t.id=mk.movie_id,t.id=mi.movie_id#mi.info_type_id,=,8#5076091
title t,movie_keyword mk,movie_info_idx mi_idx#t.id=mk.movie_id,t.id=mi_idx.movie_id#mi_idx.info_type_id,=,101#3461792
movie_info_idx mi_idx,title t,movie_info mi#t.id=mi_idx.movie_id,t.id=mi.movie_id#mi_idx.info_type_id,=,101,t.production_year,>,2005,mi.info_type_id,=,8#125530
movie_keyword mk,title t,movie_info mi#t.id=mk.movie_id,t.id=mi.movie_id#t.production_year,>,2005,mi.info_type_id,=,8#1384108
movie_keyword mk,title t,movie_info_idx mi_idx#t.id=mk.movie_id,t.id=mi_idx.movie_id#t.production_year,>,2005,mi_idx.info_type_id,=,101#850677
title t,movie_keyword mk,movie_info mi,movie_info_idx mi_idx#t.id=mk.movie_id,t.id=mi.movie_id,t.id=mi_idx.movie_id#mi.info_type_id,=,8,mi_idx.info_type_id,=,101#4168677
movie_keyword mk,title t,movie_info mi,movie_info_idx mi_idx#t.id=mk.movie_id,t.id=mi.movie_id,t.id=mi_idx.movie_id#t.production_year,>,2005,mi.info_type_id,=,8,mi_idx.info_type_id,=,101#1043763
movie_info mi,title t#t.id=mi.movie_id#mi.info_type_id,=,16,t.production_year,>,2000#1798330
movie_companies mc,title t#t.id=mc.movie_id#t.production_year,>,2000#1170186
movie_keyword mk,title t#t.id=mk.movie_id#t.production_year,>,2000#1970380
title t,movie_companies mc,movie_info mi#t.id=mc.movie_id,t.id=mi.movie_id#mi.info_type_id,=,16#10905021
title t,movie_keyword mk,movie_info mi#t.id=mk.movie_id,t.id=mi.movie_id#mi.info_type_id,=,16#36413233
title t,movie_keyword mk,movie_companies mc#t.id=mk.movie_id,t.id=mc.movie_id##34863638
movie_companies mc,title t,movie_info mi#t.id=mc.movie_id,t.id=mi.movie_id#t.production_year,>,2000,mi.info_type_id,=,16#6621484
movie_keyword mk,title t,movie_info mi#t.id=mk.movie_id,t.id=mi.movie_id#t.production_year,>,2000,mi.info_type_id,=,16#21795195
movie_keyword mk,title t,movie_companies mc#t.id=mk.movie_id,t.id=mc.movie_id#t.production_year,>,2000#16657594
title t,movie_keyword mk,movie_info mi,movie_companies mc#t.id=mk.movie_id,t.id=mi.movie_id,t.id=mc.movie_id#mi.info_type_id,=,16#753818881
movie_keyword mk,title t,movie_info mi,movie_companies mc#t.id=mk.movie_id,t.id=mi.movie_id,t.id=mc.movie_id#t.production_year,>,2000,mi.info_type_id,=,16#512575801
movie_info mi,title t#t.id=mi.movie_id#mi.info_type_id,=,16,t.production_year,>,2005,t.production_year,<,2010#669960
movie_companies mc,title t#t.id=mc.movie_id#t.production_year,>,2005,t.production_year,<,2010#420388
movie_keyword mk,title t#t.id=mk.movie_id#t.production_year,>,2005,t.production_year,<,2010#777213
title t,movie_companies mc,movie_info mi#t.id=mc.movie_id,t.id=mi.movie_id#mi.info_type_id,=,16#10905021
title t,movie_keyword mk,movie_info mi#t.id=mk.movie_id,t.id=mi.movie_id#mi.info_type_id,=,16#36413233
title t,movie_keyword mk,movie_companies mc#t.id=mk.movie_id,t.id=mc.movie_id##34863638
movie_companies mc,title t,movie_info mi#t.id=mc.movie_id,t.id=mi.movie_id#t.production_year,>,2005,t.production_year,<,2010,mi.info_type_id,=,16#2557971
movie_keyword mk,title t,movie_info mi#t.id=mk.movie_id,t.id=mi.movie_id#t.production_year,>,2005,t.production_year,<,2010,mi.info_type_id,=,16#8542397
movie_keyword mk,title t,movie_companies mc#t.id=mk.movie_id,t.id=mc.movie_id#t.production_year,>,2005,t.production_year,<,2010#6670791
title t,movie_keyword mk,movie_info mi,movie_companies mc#t.id=mk.movie_id,t.id=mi.movie_id,t.id=mc.movie_id#mi.info_type_id,=,16#753818881
movie_keyword mk,title t,movie_info mi,movie_companies mc#t.id=mk.movie_id,t.id=mi.movie_id,t.id=mc.movie_id#t.production_year,>,2005,t.production_year,<,2010,mi.info_type_id,=,16#206778521
movie_info mi,title t#t.id=mi.movie_id#mi.info_type_id,=,16,t.production_year,>,1990#2220025
movie_companies mc,title t#t.id=mc.movie_id#t.production_year,>,1990#1508127
movie_keyword mk,title t#t.id=mk.movie_id#t.production_year,>,1990#2742670
title t,movie_companies mc,movie_info mi#t.id=mc.movie_id,t.id=mi.movie_id#mi.info_type_id,=,16#10905021
title t,movie_keyword mk,movie_info mi#t.id=mk.movie_id,t.id=mi.movie_id#mi.info_type_id,=,16#36413233
title t,movie_keyword mk,movie_companies mc#t.id=mk.movie_id,t.id=mc.movie_id##34863638
movie_companies mc,title t,movie_info mi#t.id=mc.movie_id,t.id=mi.movie_id#t.production_year,>,1990,mi.info_type_id,=,16#8193781
movie_keyword mk,title t,movie_info mi#t.id=mk.movie_id,t.id=mi.movie_id#t.production_year,>,1990,mi.info_type_id,=,16#27653388
movie_keyword mk,title t,movie_companies mc#t.id=mk.movie_id,t.id=mc.movie_id#t.production_year,>,1990#22579666
title t,movie_keyword mk,movie_info mi,movie_companies mc#t.id=mk.movie_id,t.id=mi.movie_id,t.id=mc.movie_id#mi.info_type_id,=,16#753818881
movie_keyword mk,title t,movie_info mi,movie_companies mc#t.id=mk.movie_id,t.id=mi.movie_id,t.id=mc.movie_id#t.production_year,>,1990,mi.info_type_id,=,16#625302823
title t,cast_info ci#t.id=ci.movie_id##36244344
title t,movie_keyword mk,cast_info ci#t.id=mk.movie_id,t.id=ci.movie_id#mk.keyword_id,=,117#1038393
title t,movie_companies mc,cast_info ci#t.id=mc.movie_id,t.id=ci.movie_id##80274241
movie_keyword mk,title t#t.id=mk.movie_id#mk.keyword_id,=,117#41840
movie_companies mc,title t#t.id=mc.movie_id##2609129
title t,movie_companies mc,movie_keyword mk#t.id=mc.movie_id,t.id=mk.movie_id#mk.keyword_id,=,117#148552
movie_keyword mk,cast_info ci,title t#t.id=mk.movie_id,t.id=ci.movie_id#mk.keyword_id,=,117#1038393
movie_companies mc,cast_info ci,title t#t.id=mc.movie_id,t.id=ci.movie_id##80274241
title t,movie_companies mc,cast_info ci,movie_keyword mk#t.id=mc.movie_id,t.id=ci.movie_id,t.id=mk.movie_id#mk.keyword_id,=,117#7796926
movie_companies mc,title t,movie_keyword mk#t.id=mc.movie_id,t.id=mk.movie_id#mk.keyword_id,=,117#148552
movie_companies mc,cast_info ci,title t,movie_keyword mk#t.id=mc.movie_id,t.id=ci.movie_id,t.id=mk.movie_id#mk.keyword_id,=,117#7796926
movie_info mi,title t#t.id=mi.movie_id#mi.info_type_id,=,105#121863
movie_info_idx mi_idx,title t#t.id=mi_idx.movie_id#mi_idx.info_type_id,=,100#459925
cast_info ci,title t#t.id=ci.movie_id##36244344
title t,movie_info_idx mi_idx,movie_info mi#t.id=mi_idx.movie_id,t.id=mi.movie_id#mi_idx.info_type_id,=,100,mi.info_type_id,=,105#45431
title t,cast_info ci,movie_info mi#t.id=ci.movie_id,t.id=mi.movie_id#mi.info_type_id,=,105#2766914
title t,cast_info ci,movie_info_idx mi_idx#t.id=ci.movie_id,t.id=mi_idx.movie_id#mi_idx.info_type_id,=,100#13626495
movie_info_idx mi_idx,title t,movie_info mi#t.id=mi_idx.movie_id,t.id=mi.movie_id#mi_idx.info_type_id,=,100,mi.info_type_id,=,105#45431
cast_info ci,title t,movie_info mi#t.id=ci.movie_id,t.id=mi.movie_id#mi.info_type_id,=,105#2766914
cast_info ci,title t,movie_info_idx mi_idx#t.id=ci.movie_id,t.id=mi_idx.movie_id#mi_idx.info_type_id,=,100#13626495
title t,cast_info ci,movie_info mi,movie_info_idx mi_idx#t.id=ci.movie_id,t.id=mi.movie_id,t.id=mi_idx.movie_id#mi.info_type_id,=,105,mi_idx.info_type_id,=,100#1831108
cast_info ci,title t,movie_info mi,movie_info_idx mi_idx#t.id=ci.movie_id,t.id=mi.movie_id,t.id=mi_idx.movie_id#mi.info_type_id,=,105,mi_idx.info_type_id,=,100#1831108
movie_info mi,title t#t.id=mi.movie_id#mi.info_type_id,=,3,t.production_year,>,2008,t.production_year,<,2014#457047
movie_info_idx mi_idx,title t#t.id=mi_idx.movie_id#mi_idx.info_type_id,=,101,t.production_year,>,2008,t.production_year,<,2014#84173
cast_info ci,title t#t.id=ci.movie_id#t.production_year,>,2008,t.production_year,<,2014#10385830
title t,movie_info_idx mi_idx,movie_info mi#t.id=mi_idx.movie_id,t.id=mi.movie_id#mi_idx.info_type_id,=,101,mi.info_type_id,=,3#546205
title t,cast_info ci,movie_info mi#t.id=ci.movie_id,t.id=mi.movie_id#mi.info_type_id,=,3#26038298
title t,cast_info ci,movie_info_idx mi_idx#t.id=ci.movie_id,t.id=mi_idx.movie_id#mi_idx.info_type_id,=,101#13626495
movie_info_idx mi_idx,title t,movie_info mi#t.id=mi_idx.movie_id,t.id=mi.movie_id#mi_idx.info_type_id,=,101,t.production_year,>,2008,t.production_year,<,2014,mi.info_type_id,=,3#96377
cast_info ci,title t,movie_info mi#t.id=ci.movie_id,t.id=mi.movie_id#t.production_year,>,2008,t.production_year,<,2014,mi.info_type_id,=,3#7290341
cast_info ci,title t,movie_info_idx mi_idx#t.id=ci.movie_id,t.id=mi_idx.movie_id#t.production_year,>,2008,t.production_year,<,2014,mi_idx.info_type_id,=,101#2840669
title t,cast_info ci,movie_info mi,movie_info_idx mi_idx#t.id=ci.movie_id,t.id=mi.movie_id,t.id=mi_idx.movie_id#mi.info_type_id,=,3,mi_idx.info_type_id,=,101#16461908
cast_info ci,title t,movie_info mi,movie_info_idx mi_idx#t.id=ci.movie_id,t.id=mi.movie_id,t.id=mi_idx.movie_id#t.production_year,>,2008,t.production_year,<,2014,mi.info_type_id,=,3,mi_idx.info_type_id,=,101#2936093
movie_info mi,title t#t.id=mi.movie_id#mi.info_type_id,=,3#1533909
movie_info_idx mi_idx,title t#t.id=mi_idx.movie_id#mi_idx.info_type_id,=,100#459925
cast_info ci,title t#t.id=ci.movie_id##36244344
title t,movie_info_idx mi_idx,movie_info mi#t.id=mi_idx.movie_id,t.id=mi.movie_id#mi_idx.info_type_id,=,100,mi.info_type_id,=,3#546205
title t,cast_info ci,movie_info mi#t.id=ci.movie_id,t.id=mi.movie_id#mi.info_type_id,=,3#26038298
title t,cast_info ci,movie_info_idx mi_idx#t.id=ci.movie_id,t.id=mi_idx.movie_id#mi_idx.info_type_id,=,100#13626495
movie_info_idx mi_idx,title t,movie_info mi#t.id=mi_idx.movie_id,t.id=mi.movie_id#mi_idx.info_type_id,=,100,mi.info_type_id,=,3#546205
cast_info ci,title t,movie_info mi#t.id=ci.movie_id,t.id=mi.movie_id#mi.info_type_id,=,3#26038298
cast_info ci,title t,movie_info_idx mi_idx#t.id=ci.movie_id,t.id=mi_idx.movie_id#mi_idx.info_type_id,=,100#13626495
title t,cast_info ci,movie_info mi,movie_info_idx mi_idx#t.id=ci.movie_id,t.id=mi.movie_id,t.id=mi_idx.movie_id#mi.info_type_id,=,3,mi_idx.info_type_id,=,100#16461908
cast_info ci,title t,movie_info mi,movie_info_idx mi_idx#t.id=ci.movie_id,t.id=mi.movie_id,t.id=mi_idx.movie_id#mi.info_type_id,=,3,mi_idx.info_type_id,=,100#16461908
movie_info mi,title t#t.id=mi.movie_id#mi.info_type_id,=,16,t.production_year,>,2005,t.production_year,<,2009#495374
movie_companies mc,title t#t.id=mc.movie_id#t.production_year,>,2005,t.production_year,<,2009#305063
cast_info ci,title t#t.id=ci.movie_id#ci.role_id,=,2,t.production_year,>,2005,t.production_year,<,2009#1191990
title t,movie_companies mc,movie_info mi#t.id=mc.movie_id,t.id=mi.movie_id#mi.info_type_id,=,16#10905021
title t,cast_info ci,movie_info mi#t.id=ci.movie_id,t.id=mi.movie_id#ci.role_id,=,2,mi.info_type_id,=,16#14802622
title t,cast_info ci,movie_companies mc#t.id=ci.movie_id,t.id=mc.movie_id#ci.role_id,=,2#13355828
movie_companies mc,title t,movie_info mi#t.id=mc.movie_id,t.id=mi.movie_id#t.production_year,>,2005,t.production_year,<,2009,mi.info_type_id,=,16#1816973
cast_info ci,title t,movie_info mi#t.id=ci.movie_id,t.id=mi.movie_id#ci.role_id,=,2,t.production_year,>,2005,t.production_year,<,2009,mi.info_type_id,=,16#2647115
cast_info ci,title t,movie_companies mc#t.id=ci.movie_id,t.id=mc.movie_id#ci.role_id,=,2,t.production_year,>,2005,t.production_year,<,2009#1837455
title t,cast_info ci,movie_info mi,movie_companies mc#t.id=ci.movie_id,t.id=mi.movie_id,t.id=mc.movie_id#ci.role_id,=,2,mi.info_type_id,=,16#132317651
cast_info ci,title t,movie_info mi,movie_companies mc#t.id=ci.movie_id,t.id=mi.movie_id,t.id=mc.movie_id#ci.role_id,=,2,t.production_year,>,2005,t.production_year,<,2009,mi.info_type_id,=,16#24675801
movie_info mi,title t#t.id=mi.movie_id#mi.info_type_id,=,16#3036719
movie_companies mc,title t#t.id=mc.movie_id##2609129
cast_info ci,title t#t.id=ci.movie_id#ci.role_id,=,2#7451973
title t,movie_companies mc,movie_info mi#t.id=mc.movie_id,t.id=mi.movie_id#mi.info_type_id,=,16#10905021
title t,cast_info ci,movie_info mi#t.id=ci.movie_id,t.id=mi.movie_id#ci.role_id,=,2,mi.info_type_id,=,16#14802622
title t,cast_info ci,movie_companies mc#t.id=ci.movie_id,t.id=mc.movie_id#ci.role_id,=,2#13355828
movie_companies mc,title t,movie_info mi#t.id=mc.movie_id,t.id=mi.movie_id#mi.info_type_id,=,16#10905021
cast_info ci,title t,movie_info mi#t.id=ci.movie_id,t.id=mi.movie_id#ci.role_id,=,2,mi.info_type_id,=,16#14802622
cast_info ci,title t,movie_companies mc#t.id=ci.movie_id,t.id=mc.movie_id#ci.role_id,=,2#13355828
title t,cast_info ci,movie_info mi,movie_companies mc#t.id=ci.movie_id,t.id=mi.movie_id,t.id=mc.movie_id#ci.role_id,=,2,mi.info_type_id,=,16#132317651
cast_info ci,title t,movie_info mi,movie_companies mc#t.id=ci.movie_id,t.id=mi.movie_id,t.id=mc.movie_id#ci.role_id,=,2,mi.info_type_id,=,16#132317651
movie_info mi,title t#t.id=mi.movie_id#mi.info_type_id,=,16,t.production_year,>,2000#1798330
movie_companies mc,title t#t.id=mc.movie_id#t.production_year,>,2000#1170186
cast_info ci,title t#t.id=ci.movie_id#ci.role_id,=,2,t.production_year,>,2000#4402268
title t,movie_companies mc,movie_info mi#t.id=mc.movie_id,t.id=mi.movie_id#mi.info_type_id,=,16#10905021
title t,cast_info ci,movie_info mi#t.id=ci.movie_id,t.id=mi.movie_id#ci.role_id,=,2,mi.info_type_id,=,16#14802622
title t,cast_info ci,movie_companies mc#t.id=ci.movie_id,t.id=mc.movie_id#ci.role_id,=,2#13355828
movie_companies mc,title t,movie_info mi#t.id=mc.movie_id,t.id=mi.movie_id#t.production_year,>,2000,mi.info_type_id,=,16#6621484
cast_info ci,title t,movie_info mi#t.id=ci.movie_id,t.id=mi.movie_id#ci.role_id,=,2,t.production_year,>,2000,mi.info_type_id,=,16#9273829
cast_info ci,title t,movie_companies mc#t.id=ci.movie_id,t.id=mc.movie_id#ci.role_id,=,2,t.production_year,>,2000#6991479
title t,cast_info ci,movie_info mi,movie_companies mc#t.id=ci.movie_id,t.id=mi.movie_id,t.id=mc.movie_id#ci.role_id,=,2,mi.info_type_id,=,16#132317651
cast_info ci,title t,movie_info mi,movie_companies mc#t.id=ci.movie_id,t.id=mi.movie_id,t.id=mc.movie_id#ci.role_id,=,2,t.production_year,>,2000,mi.info_type_id,=,16#90649862
cast_info ci,title t#t.id=ci.movie_id#t.production_year,>,1950,t.kind_id,=,1#8852321
movie_keyword mk,title t#t.id=mk.movie_id#t.production_year,>,1950,t.kind_id,=,1#2343162
title t,movie_keyword mk,cast_info ci#t.id=mk.movie_id,t.id=ci.movie_id##215765477
movie_keyword mk,title t,cast_info ci#t.id=mk.movie_id,t.id=ci.movie_id#t.production_year,>,1950,t.kind_id,=,1#151179813
cast_info ci,title t#t.id=ci.movie_id#t.production_year,>,2000,t.kind_id,=,1#4911717
movie_keyword mk,title t#t.id=mk.movie_id#t.production_year,>,2000,t.kind_id,=,1#1053171
title t,movie_keyword mk,cast_info ci#t.id=mk.movie_id,t.id=ci.movie_id##215765477
movie_keyword mk,title t,cast_info ci#t.id=mk.movie_id,t.id=ci.movie_id#t.production_year,>,2000,t.kind_id,=,1#84217062
movie_keyword mk,title t#t.id=mk.movie_id#mk.keyword_id,=,398,t.production_year,>,1950,t.production_year,<,2000#5181
movie_companies mc,title t#t.id=mc.movie_id#mc.company_type_id,=,2,t.production_year,>,1950,t.production_year,<,2000#511921
movie_info mi,title t#t.id=mi.movie_id#t.production_year,>,1950,t.production_year,<,2000#5528038
title t,movie_companies mc,movie_keyword mk#t.id=mc.movie_id,t.id=mk.movie_id#mc.company_type_id,=,2,mk.keyword_id,=,398#14102
title t,movie_info mi,movie_keyword mk#t.id=mi.movie_id,t.id=mk.movie_id#mk.keyword_id,=,398#327572
title t,movie_info mi,movie_companies mc#t.id=mi.movie_id,t.id=mc.movie_id#mc.company_type_id,=,2#19468013
movie_companies mc,title t,movie_keyword mk#t.id=mc.movie_id,t.id=mk.movie_id#mc.company_type_id,=,2,t.production_year,>,1950,t.production_year,<,2000,mk.keyword_id,=,398#7153
movie_info mi,title t,movie_keyword mk#t.id=mi.movie_id,t.id=mk.movie_id#t.production_year,>,1950,t.production_year,<,2000,mk.keyword_id,=,398#169531
movie_info mi,title t,movie_companies mc#t.id=mi.movie_id,t.id=mc.movie_id#t.production_year,>,1950,t.production_year,<,2000,mc.company_type_id,=,2#7274879
title t,movie_info mi,movie_keyword mk,movie_companies mc#t.id=mi.movie_id,t.id=mk.movie_id,t.id=mc.movie_id#mk.keyword_id,=,398,mc.company_type_id,=,2#777546
movie_info mi,title t,movie_keyword mk,movie_companies mc#t.id=mi.movie_id,t.id=mk.movie_id,t.id=mc.movie_id#t.production_year,>,1950,t.production_year,<,2000,mk.keyword_id,=,398,mc.company_type_id,=,2#333474
movie_keyword mk,title t#t.id=mk.movie_id#mk.keyword_id,=,398,t.production_year,>,2000,t.production_year,<,2010#2699
movie_companies mc,title t#t.id=mc.movie_id#mc.company_type_id,=,2,t.production_year,>,2000,t.production_year,<,2010#381320
movie_info mi,title t#t.id=mi.movie_id#t.production_year,>,2000,t.production_year,<,2010#4558886
title t,movie_companies mc,movie_keyword mk#t.id=mc.movie_id,t.id=mk.movie_id#mc.company_type_id,=,2,mk.keyword_id,=,398#14102
title t,movie_info mi,movie_keyword mk#t.id=mi.movie_id,t.id=mk.movie_id#mk.keyword_id,=,398#327572
title t,movie_info mi,movie_companies mc#t.id=mi.movie_id,t.id=mc.movie_id#mc.company_type_id,=,2#19468013
movie_companies mc,title t,movie_keyword mk#t.id=mc.movie_id,t.id=mk.movie_id#mc.company_type_id,=,2,t.production_year,>,2000,t.production_year,<,2010,mk.keyword_id,=,398#3411
movie_info mi,title t,movie_keyword mk#t.id=mi.movie_id,t.id=mk.movie_id#t.production_year,>,2000,t.production_year,<,2010,mk.keyword_id,=,398#95564
movie_info mi,title t,movie_companies mc#t.id=mi.movie_id,t.id=mc.movie_id#t.production_year,>,2000,t.production_year,<,2010,mc.company_type_id,=,2#6872385
title t,movie_info mi,movie_keyword mk,movie_companies mc#t.id=mi.movie_id,t.id=mk.movie_id,t.id=mc.movie_id#mk.keyword_id,=,398,mc.company_type_id,=,2#777546
movie_info mi,title t,movie_keyword mk,movie_companies mc#t.id=mi.movie_id,t.id=mk.movie_id,t.id=mc.movie_id#t.production_year,>,2000,t.production_year,<,2010,mk.keyword_id,=,398,mc.company_type_id,=,2#307213
movie_keyword mk,title t#t.id=mk.movie_id#mk.keyword_id,=,398,t.production_year,>,1950,t.production_year,<,2010#8209
movie_companies mc,title t#t.id=mc.movie_id#mc.company_type_id,=,2,t.production_year,>,1950,t.production_year,<,2010#917428
movie_info mi,title t#t.id=mi.movie_id#t.production_year,>,1950,t.production_year,<,2010#10383441
title t,movie_companies mc,movie_keyword mk#t.id=mc.movie_id,t.id=mk.movie_id#mc.company_type_id,=,2,mk.keyword_id,=,398#14102
title t,movie_info mi,movie_keyword mk#t.id=mi.movie_id,t.id=mk.movie_id#mk.keyword_id,=,398#327572
title t,movie_info mi,movie_companies mc#t.id=mi.movie_id,t.id=mc.movie_id#mc.company_type_id,=,2#19468013
movie_companies mc,title t,movie_keyword mk#t.id=mc.movie_id,t.id=mk.movie_id#mc.company_type_id,=,2,t.production_year,>,1950,t.production_year,<,2010,mk.keyword_id,=,398#10936
movie_info mi,title t,movie_keyword mk#t.id=mi.movie_id,t.id=mk.movie_id#t.production_year,>,1950,t.production_year,<,2010,mk.keyword_id,=,398#272734
movie_info mi,title t,movie_companies mc#t.id=mi.movie_id,t.id=mc.movie_id#t.production_year,>,1950,t.production_year,<,2010,mc.company_type_id,=,2#14623463
title t,movie_info mi,movie_keyword mk,movie_companies mc#t.id=mi.movie_id,t.id=mk.movie_id,t.id=mc.movie_id#mk.keyword_id,=,398,mc.company_type_id,=,2#777546
movie_info mi,title t,movie_keyword mk,movie_companies mc#t.id=mi.movie_id,t.id=mk.movie_id,t.id=mc.movie_id#t.production_year,>,1950,t.production_year,<,2010,mk.keyword_id,=,398,mc.company_type_id,=,2#658557
movie_info mi,title t#t.id=mi.movie_id#mi.info_type_id,=,8,t.production_year,>,2008#296199
movie_info_idx mi_idx,title t#t.id=mi_idx.movie_id#mi_idx.info_type_id,=,101,t.production_year,>,2008#84174
movie_keyword mk,title t#t.id=mk.movie_id#t.production_year,>,2008#684042
movie_companies mc,title t#t.id=mc.movie_id#t.production_year,>,2008#524576
title t,movie_info_idx mi_idx,movie_info mi#t.id=mi_idx.movie_id,t.id=mi.movie_id#mi_idx.info_type_id,=,101,mi.info_type_id,=,8#424997
title t,movie_keyword mk,movie_info mi#t.id=mk.movie_id,t.id=mi.movie_id#mi.info_type_id,=,8#5076091
title t,movie_companies mc,movie_info mi#t.id=mc.movie_id,t.id=mi.movie_id#mi.info_type_id,=,8#2565724
title t,movie_keyword mk,movie_info_idx mi_idx#t.id=mk.movie_id,t.id=mi_idx.movie_id#mi_idx.info_type_id,=,101#3461792
title t,movie_companies mc,movie_info_idx mi_idx#t.id=mc.movie_id,t.id=mi_idx.movie_id#mi_idx.info_type_id,=,101#1354883
title t,movie_companies mc,movie_keyword mk#t.id=mc.movie_id,t.id=mk.movie_id##34863638
movie_info_idx mi_idx,title t,movie_info mi#t.id=mi_idx.movie_id,t.id=mi.movie_id#mi_idx.info_type_id,=,101,t.production_year,>,2008,mi.info_type_id,=,8#71285
movie_keyword mk,title t,movie_info mi#t.id=mk.movie_id,t.id=mi.movie_id#t.production_year,>,2008,mi.info_type_id,=,8#731643
movie_companies mc,title t,movie_info mi#t.id=mc.movie_id,t.id=mi.movie_id#t.production_year,>,2008,mi.info_type_id,=,8#494243
movie_keyword mk,title t,movie_info_idx mi_idx#t.id=mk.movie_id,t.id=mi_idx.movie_id#t.production_year,>,2008,mi_idx.info_type_id,=,101#447627
movie_companies mc,title t,movie_info_idx mi_idx#t.id=mc.movie_id,t.id=mi_idx.movie_id#t.production_year,>,2008,mi_idx.info_type_id,=,101#248594
movie_companies mc,title t,movie_keyword mk#t.id=mc.movie_id,t.id=mk.movie_id#t.production_year,>,2008#5553478
title t,movie_keyword mk,movie_info mi,movie_info_idx mi_idx#t.id=mk.movie_id,t.id=mi.movie_id,t.id=mi_idx.movie_id#mi.info_type_id,=,8,mi_idx.info_type_id,=,101#4168677
title t,movie_companies mc,movie_info mi,movie_info_idx mi_idx#t.id=mc.movie_id,t.id=mi.movie_id,t.id=mi_idx.movie_id#mi.info_type_id,=,8,mi_idx.info_type_id,=,101#1582553
title t,movie_companies mc,movie_info mi,movie_keyword mk#t.id=mc.movie_id,t.id=mi.movie_id,t.id=mk.movie_id#mi.info_type_id,=,8#50645370
title t,movie_companies mc,movie_info_idx mi_idx,movie_keyword mk#t.id=mc.movie_id,t.id=mi_idx.movie_id,t.id=mk.movie_id#mi_idx.info_type_id,=,101#33227886
movie_keyword mk,title t,movie_info mi,movie_info_idx mi_idx#t.id=mk.movie_id,t.id=mi.movie_id,t.id=mi_idx.movie_id#t.production_year,>,2008,mi.info_type_id,=,8,mi_idx.info_type_id,=,101#532005
movie_companies mc,title t,movie_info mi,movie_info_idx mi_idx#t.id=mc.movie_id,t.id=mi.movie_id,t.id=mi_idx.movie_id#t.production_year,>,2008,mi.info_type_id,=,8,mi_idx.info_type_id,=,101#289007
movie_companies mc,title t,movie_info mi,movie_keyword mk#t.id=mc.movie_id,t.id=mi.movie_id,t.id=mk.movie_id#t.production_year,>,2008,mi.info_type_id,=,8#8559047
movie_companies mc,title t,movie_info_idx mi_idx,movie_keyword mk#t.id=mc.movie_id,t.id=mi_idx.movie_id,t.id=mk.movie_id#t.production_year,>,2008,mi_idx.info_type_id,=,101#5265503
title t,movie_companies mc,movie_info mi,movie_info_idx mi_idx,movie_keyword mk#t.id=mc.movie_id,t.id=mi.movie_id,t.id=mi_idx.movie_id,t.id=mk.movie_id#mi.info_type_id,=,8,mi_idx.info_type_id,=,101#49077237
movie_companies mc,title t,movie_info mi,movie_info_idx mi_idx,movie_keyword mk#t.id=mc.movie_id,t.id=mi.movie_id,t.id=mi_idx.movie_id,t.id=mk.movie_id#t.production_year,>,2008,mi.info_type_id,=,8,mi_idx.info_type_id,=,101#8275169
movie_info mi,title t#t.id=mi.movie_id#mi.info_type_id,=,8,t.production_year,>,2009#233592
movie_info_idx mi_idx,title t#t.id=mi_idx.movie_id#mi_idx.info_type_id,=,101,t.production_year,>,2009#64063
movie_keyword mk,title t#t.id=mk.movie_id#t.production_year,>,2009#475878
movie_companies mc,title t#t.id=mc.movie_id#t.production_year,>,2009#409251
title t,movie_info_idx mi_idx,movie_info mi#t.id=mi_idx.movie_id,t.id=mi.movie_id#mi_idx.info_type_id,=,101,mi.info_type_id,=,8#424997
title t,movie_keyword mk,movie_info mi#t.id=mk.movie_id,t.id=mi.movie_id#mi.info_type_id,=,8#5076091
title t,movie_companies mc,movie_info mi#t.id=mc.movie_id,t.id=mi.movie_id#mi.info_type_id,=,8#2565724
title t,movie_keyword mk,movie_info_idx mi_idx#t.id=mk.movie_id,t.id=mi_idx.movie_id#mi_idx.info_type_id,=,101#3461792
title t,movie_companies mc,movie_info_idx mi_idx#t.id=mc.movie_id,t.id=mi_idx.movie_id#mi_idx.info_type_id,=,101#1354883
title t,movie_companies mc,movie_keyword mk#t.id=mc.movie_id,t.id=mk.movie_id##34863638
movie_info_idx mi_idx,title t,movie_info mi#t.id=mi_idx.movie_id,t.id=mi.movie_id#mi_idx.info_type_id,=,101,t.production_year,>,2009,mi.info_type_id,=,8#53013
movie_keyword mk,title t,movie_info mi#t.id=mk.movie_id,t.id=mi.movie_id#t.production_year,>,2009,mi.info_type_id,=,8#488089
movie_companies mc,title t,movie_info mi#t.id=mc.movie_id,t.id=mi.movie_id#t.production_year,>,2009,mi.info_type_id,=,8#374517
movie_keyword mk,title t,movie_info_idx mi_idx#t.id=mk.movie_id,t.id=mi_idx.movie_id#t.production_year,>,2009,mi_idx.info_type_id,=,101#305628
movie_companies mc,title t,movie_info_idx mi_idx#t.id=mc.movie_id,t.id=mi_idx.movie_id#t.production_year,>,2009,mi_idx.info_type_id,=,101#183850
movie_companies mc,title t,movie_keyword mk#t.id=mc.movie_id,t.id=mk.movie_id#t.production_year,>,2009#3655294
title t,movie_keyword mk,movie_info mi,movie_info_idx mi_idx#t.id=mk.movie_id,t.id=mi.movie_id,t.id=mi_idx.movie_id#mi.info_type_id,=,8,mi_idx.info_type_id,=,101#4168677
title t,movie_companies mc,movie_info mi,movie_info_idx mi_idx#t.id=mc.movie_id,t.id=mi.movie_id,t.id=mi_idx.movie_id#mi.info_type_id,=,8,mi_idx.info_type_id,=,101#1582553
title t,movie_companies mc,movie_info mi,movie_keyword mk#t.id=mc.movie_id,t.id=mi.movie_id,t.id=mk.movie_id#mi.info_type_id,=,8#50645370
title t,movie_companies mc,movie_info_idx mi_idx,movie_keyword mk#t.id=mc.movie_id,t.id=mi_idx.movie_id,t.id=mk.movie_id#mi_idx.info_type_id,=,101#33227886
movie_keyword mk,title t,movie_info mi,movie_info_idx mi_idx#t.id=mk.movie_id,t.id=mi.movie_id,t.id=mi_idx.movie_id#t.production_year,>,2009,mi.info_type_id,=,8,mi_idx.info_type_id,=,101#346794
movie_companies mc,title t,movie_info mi,movie_info_idx mi_idx#t.id=mc.movie_id,t.id=mi.movie_id,t.id=mi_idx.movie_id#t.production_year,>,2009,mi.info_type_id,=,8,mi_idx.info_type_id,=,101#208040
movie_companies mc,title t,movie_info mi,movie_keyword mk#t.id=mc.movie_id,t.id=mi.movie_id,t.id=mk.movie_id#t.production_year,>,2009,mi.info_type_id,=,8#5280948
movie_companies mc,title t,movie_info_idx mi_idx,movie_keyword mk#t.id=mc.movie_id,t.id=mi_idx.movie_id,t.id=mk.movie_id#t.production_year,>,2009,mi_idx.info_type_id,=,101#3432100
title t,movie_companies mc,movie_info mi,movie_info_idx mi_idx,movie_keyword mk#t.id=mc.movie_id,t.id=mi.movie_id,t.id=mi_idx.movie_id,t.id=mk.movie_id#mi.info_type_id,=,8,mi_idx.info_type_id,=,101#49077237
movie_companies mc,title t,movie_info mi,movie_info_idx mi_idx,movie_keyword mk#t.id=mc.movie_id,t.id=mi.movie_id,t.id=mi_idx.movie_id,t.id=mk.movie_id#t.production_year,>,2009,mi.info_type_id,=,8,mi_idx.info_type_id,=,101#5060606
movie_info mi,title t#t.id=mi.movie_id#mi.info_type_id,=,16,t.production_year,>,2010#436548
movie_companies mc,title t#t.id=mc.movie_id#t.production_year,>,2010#294635
cast_info ci,title t#t.id=ci.movie_id#ci.role_id,=,2,t.production_year,>,2010#1127791
movie_keyword mk,title t#t.id=mk.movie_id#t.production_year,>,2010#299534
title t,movie_companies mc,movie_info mi#t.id=mc.movie_id,t.id=mi.movie_id#mi.info_type_id,=,16#10905021
title t,cast_info ci,movie_info mi#t.id=ci.movie_id,t.id=mi.movie_id#ci.role_id,=,2,mi.info_type_id,=,16#14802622
title t,movie_keyword mk,movie_info mi#t.id=mk.movie_id,t.id=mi.movie_id#mi.info_type_id,=,16#36413233
title t,cast_info ci,movie_companies mc#t.id=ci.movie_id,t.id=mc.movie_id#ci.role_id,=,2#13355828
title t,movie_keyword mk,movie_companies mc#t.id=mk.movie_id,t.id=mc.movie_id##34863638
title t,movie_keyword mk,cast_info ci#t.id=mk.movie_id,t.id=ci.movie_id#ci.role_id,=,2#35805959
movie_companies mc,title t,movie_info mi#t.id=mc.movie_id,t.id=mi.movie_id#t.production_year,>,2010,mi.info_type_id,=,16#1258211
cast_info ci,title t,movie_info mi#t.id=ci.movie_id,t.id=mi.movie_id#ci.role_id,=,2,t.production_year,>,2010,mi.info_type_id,=,16#1984439
movie_keyword mk,title t,movie_info mi#t.id=mk.movie_id,t.id=mi.movie_id#t.production_year,>,2010,mi.info_type_id,=,16#2742272
cast_info ci,title t,movie_companies mc#t.id=ci.movie_id,t.id=mc.movie_id#ci.role_id,=,2,t.production_year,>,2010#1637102
movie_keyword mk,title t,movie_companies mc#t.id=mk.movie_id,t.id=mc.movie_id#t.production_year,>,2010#2116623
movie_keyword mk,title t,cast_info ci#t.id=mk.movie_id,t.id=ci.movie_id#t.production_year,>,2010,ci.role_id,=,2#2583747
title t,cast_info ci,movie_info mi,movie_companies mc#t.id=ci.movie_id,t.id=mi.movie_id,t.id=mc.movie_id#ci.role_id,=,2,mi.info_type_id,=,16#132317651
title t,movie_keyword mk,movie_info mi,movie_companies mc#t.id=mk.movie_id,t.id=mi.movie_id,t.id=mc.movie_id#mi.info_type_id,=,16#753818881
title t,movie_keyword mk,movie_info mi,cast_info ci#t.id=mk.movie_id,t.id=mi.movie_id,t.id=ci.movie_id#mi.info_type_id,=,16,ci.role_id,=,2#540412309
title t,movie_keyword mk,movie_companies mc,cast_info ci#t.id=mk.movie_id,t.id=mc.movie_id,t.id=ci.movie_id#ci.role_id,=,2#434306424
cast_info ci,title t,movie_info mi,movie_companies mc#t.id=ci.movie_id,t.id=mi.movie_id,t.id=mc.movie_id#ci.role_id,=,2,t.production_year,>,2010,mi.info_type_id,=,16#17669965
movie_keyword mk,title t,movie_info mi,movie_companies mc#t.id=mk.movie_id,t.id=mi.movie_id,t.id=mc.movie_id#t.production_year,>,2010,mi.info_type_id,=,16#67597282
movie_keyword mk,title t,movie_info mi,cast_info ci#t.id=mk.movie_id,t.id=mi.movie_id,t.id=ci.movie_id#t.production_year,>,2010,mi.info_type_id,=,16,ci.role_id,=,2#50166855
movie_keyword mk,title t,movie_companies mc,cast_info ci#t.id=mk.movie_id,t.id=mc.movie_id,t.id=ci.movie_id#t.production_year,>,2010,ci.role_id,=,2#32897373
title t,movie_keyword mk,movie_info mi,movie_companies mc,cast_info ci#t.id=mk.movie_id,t.id=mi.movie_id,t.id=mc.movie_id,t.id=ci.movie_id#mi.info_type_id,=,16,ci.role_id,=,2#12882774489
movie_keyword mk,title t,movie_info mi,movie_companies mc,cast_info ci#t.id=mk.movie_id,t.id=mi.movie_id,t.id=mc.movie_id,t.id=ci.movie_id#t.production_year,>,2010,mi.info_type_id,=,16,ci.role_id,=,2#1352809555
movie_info mi,title t#t.id=mi.movie_id#mi.info_type_id,=,16,t.production_year,>,2010#436548
movie_companies mc,title t#t.id=mc.movie_id#mc.company_id,=,22956,t.production_year,>,2010#37
cast_info ci,title t#t.id=ci.movie_id#ci.role_id,=,2,t.production_year,>,2010#1127791
movie_keyword mk,title t#t.id=mk.movie_id#t.production_year,>,2010#299534
title t,movie_companies mc,movie_info mi#t.id=mc.movie_id,t.id=mi.movie_id#mc.company_id,=,22956,mi.info_type_id,=,16#1680
title t,cast_info ci,movie_info mi#t.id=ci.movie_id,t.id=mi.movie_id#ci.role_id,=,2,mi.info_type_id,=,16#14802622
title t,movie_keyword mk,movie_info mi#t.id=mk.movie_id,t.id=mi.movie_id#mi.info_type_id,=,16#36413233
title t,cast_info ci,movie_companies mc#t.id=ci.movie_id,t.id=mc.movie_id#ci.role_id,=,2,mc.company_id,=,22956#339
title t,movie_keyword mk,movie_companies mc#t.id=mk.movie_id,t.id=mc.movie_id#mc.company_id,=,22956#2756
title t,movie_keyword mk,cast_info ci#t.id=mk.movie_id,t.id=ci.movie_id#ci.role_id,=,2#35805959
movie_companies mc,title t,movie_info mi#t.id=mc.movie_id,t.id=mi.movie_id#mc.company_id,=,22956,t.production_year,>,2010,mi.info_type_id,=,16#430
cast_info ci,title t,movie_info mi#t.id=ci.movie_id,t.id=mi.movie_id#ci.role_id,=,2,t.production_year,>,2010,mi.info_type_id,=,16#1984439
movie_keyword mk,title t,movie_info mi#t.id=mk.movie_id,t.id=mi.movie_id#t.production_year,>,2010,mi.info_type_id,=,16#2742272
cast_info ci,title t,movie_companies mc#t.id=ci.movie_id,t.id=mc.movie_id#ci.role_id,=,2,t.production_year,>,2010,mc.company_id,=,22956#86
movie_keyword mk,title t,movie_companies mc#t.id=mk.movie_id,t.id=mc.movie_id#t.production_year,>,2010,mc.company_id,=,22956#449
movie_keyword mk,title t,cast_info ci#t.id=mk.movie_id,t.id=ci.movie_id#t.production_year,>,2010,ci.role_id,=,2#2583747
title t,cast_info ci,movie_info mi,movie_companies mc#t.id=ci.movie_id,t.id=mi.movie_id,t.id=mc.movie_id#ci.role_id,=,2,mi.info_type_id,=,16,mc.company_id,=,22956#13040
title t,movie_keyword mk,movie_info mi,movie_companies mc#t.id=mk.movie_id,t.id=mi.movie_id,t.id=mc.movie_id#mi.info_type_id,=,16,mc.company_id,=,22956#133709
title t,movie_keyword mk,movie_info mi,cast_info ci#t.id=mk.movie_id,t.id=mi.movie_id,t.id=ci.movie_id#mi.info_type_id,=,16,ci.role_id,=,2#540412309
title t,movie_keyword mk,movie_companies mc,cast_info ci#t.id=mk.movie_id,t.id=mc.movie_id,t.id=ci.movie_id#mc.company_id,=,22956,ci.role_id,=,2#20207
cast_info ci,title t,movie_info mi,movie_companies mc#t.id=ci.movie_id,t.id=mi.movie_id,t.id=mc.movie_id#ci.role_id,=,2,t.production_year,>,2010,mi.info_type_id,=,16,mc.company_id,=,22956#2967
movie_keyword mk,title t,movie_info mi,movie_companies mc#t.id=mk.movie_id,t.id=mi.movie_id,t.id=mc.movie_id#t.production_year,>,2010,mi.info_type_id,=,16,mc.company_id,=,22956#21091
movie_keyword mk,title t,movie_info mi,cast_info ci#t.id=mk.movie_id,t.id=mi.movie_id,t.id=ci.movie_id#t.production_year,>,2010,mi.info_type_id,=,16,ci.role_id,=,2#50166855
movie_keyword mk,title t,movie_companies mc,cast_info ci#t.id=mk.movie_id,t.id=mc.movie_id,t.id=ci.movie_id#t.production_year,>,2010,mc.company_id,=,22956,ci.role_id,=,2#3340
title t,movie_keyword mk,movie_info mi,movie_companies mc,cast_info ci#t.id=mk.movie_id,t.id=mi.movie_id,t.id=mc.movie_id,t.id=ci.movie_id#mi.info_type_id,=,16,mc.company_id,=,22956,ci.role_id,=,2#1135407
movie_keyword mk,title t,movie_info mi,movie_companies mc,cast_info ci#t.id=mk.movie_id,t.id=mi.movie_id,t.id=mc.movie_id,t.id=ci.movie_id#t.production_year,>,2010,mi.info_type_id,=,16,mc.company_id,=,22956,ci.role_id,=,2#191935
movie_info mi,title t#t.id=mi.movie_id#mi.info_type_id,=,16,t.production_year,>,2000#1798330
movie_companies mc,title t#t.id=mc.movie_id#t.production_year,>,2000#1170186
cast_info ci,title t#t.id=ci.movie_id#ci.role_id,=,2,t.production_year,>,2000#4402268
movie_keyword mk,title t#t.id=mk.movie_id#t.production_year,>,2000#1970380
title t,movie_companies mc,movie_info mi#t.id=mc.movie_id,t.id=mi.movie_id#mi.info_type_id,=,16#10905021
title t,cast_info ci,movie_info mi#t.id=ci.movie_id,t.id=mi.movie_id#ci.role_id,=,2,mi.info_type_id,=,16#14802622
title t,movie_keyword mk,movie_info mi#t.id=mk.movie_id,t.id=mi.movie_id#mi.info_type_id,=,16#36413233
title t,cast_info ci,movie_companies mc#t.id=ci.movie_id,t.id=mc.movie_id#ci.role_id,=,2#13355828
title t,movie_keyword mk,movie_companies mc#t.id=mk.movie_id,t.id=mc.movie_id##34863638
title t,movie_keyword mk,cast_info ci#t.id=mk.movie_id,t.id=ci.movie_id#ci.role_id,=,2#35805959
movie_companies mc,title t,movie_info mi#t.id=mc.movie_id,t.id=mi.movie_id#t.production_year,>,2000,mi.info_type_id,=,16#6621484
cast_info ci,title t,movie_info mi#t.id=ci.movie_id,t.id=mi.movie_id#ci.role_id,=,2,t.production_year,>,2000,mi.info_type_id,=,16#9273829
movie_keyword mk,title t,movie_info mi#t.id=mk.movie_id,t.id=mi.movie_id#t.production_year,>,2000,mi.info_type_id,=,16#21795195
cast_info ci,title t,movie_companies mc#t.id=ci.movie_id,t.id=mc.movie_id#ci.role_id,=,2,t.production_year,>,2000#6991479
movie_keyword mk,title t,movie_companies mc#t.id=mk.movie_id,t.id=mc.movie_id#t.production_year,>,2000#16657594
movie_keyword mk,title t,cast_info ci#t.id=mk.movie_id,t.id=ci.movie_id#t.production_year,>,2000,ci.role_id,=,2#18054021
title t,cast_info ci,movie_info mi,movie_companies mc#t.id=ci.movie_id,t.id=mi.movie_id,t.id=mc.movie_id#ci.role_id,=,2,mi.info_type_id,=,16#132317651
title t,movie_keyword mk,movie_info mi,movie_companies mc#t.id=mk.movie_id,t.id=mi.movie_id,t.id=mc.movie_id#mi.info_type_id,=,16#753818881
title t,movie_keyword mk,movie_info mi,cast_info ci#t.id=mk.movie_id,t.id=mi.movie_id,t.id=ci.movie_id#mi.info_type_id,=,16,ci.role_id,=,2#540412309
title t,movie_keyword mk,movie_companies mc,cast_info ci#t.id=mk.movie_id,t.id=mc.movie_id,t.id=ci.movie_id#ci.role_id,=,2#434306424
cast_info ci,title t,movie_info mi,movie_companies mc#t.id=ci.movie_id,t.id=mi.movie_id,t.id=mc.movie_id#ci.role_id,=,2,t.production_year,>,2000,mi.info_type_id,=,16#90649862
movie_keyword mk,title t,movie_info mi,movie_companies mc#t.id=mk.movie_id,t.id=mi.movie_id,t.id=mc.movie_id#t.production_year,>,2000,mi.info_type_id,=,16#512575801
movie_keyword mk,title t,movie_info mi,cast_info ci#t.id=mk.movie_id,t.id=mi.movie_id,t.id=ci.movie_id#t.production_year,>,2000,mi.info_type_id,=,16,ci.role_id,=,2#365166393
movie_keyword mk,title t,movie_companies mc,cast_info ci#t.id=mk.movie_id,t.id=mc.movie_id,t.id=ci.movie_id#t.production_year,>,2000,ci.role_id,=,2#251883732
title t,movie_keyword mk,movie_info mi,movie_companies mc,cast_info ci#t.id=mk.movie_id,t.id=mi.movie_id,t.id=mc.movie_id,t.id=ci.movie_id#mi.info_type_id,=,16,ci.role_id,=,2#12882774489
movie_keyword mk,title t,movie_info mi,movie_companies mc,cast_info ci#t.id=mk.movie_id,t.id=mi.movie_id,t.id=mc.movie_id,t.id=ci.movie_id#t.production_year,>,2000,mi.info_type_id,=,16,ci.role_id,=,2#9537310863
movie_info mi,title t#t.id=mi.movie_id#mi.info_type_id,=,3#1533909
movie_info_idx mi_idx,title t#t.id=mi_idx.movie_id#mi_idx.info_type_id,=,100#459925
cast_info ci,title t#t.id=ci.movie_id##36244344
movie_keyword mk,title t#t.id=mk.movie_id##4523930
title t,movie_info_idx mi_idx,movie_info mi#t.id=mi_idx.movie_id,t.id=mi.movie_id#mi_idx.info_type_id,=,100,mi.info_type_id,=,3#546205
title t,cast_info ci,movie_info mi#t.id=ci.movie_id,t.id=mi.movie_id#mi.info_type_id,=,3#26038298
title t,movie_keyword mk,movie_info mi#t.id=mk.movie_id,t.id=mi.movie_id#mi.info_type_id,=,3#8855087
title t,cast_info ci,movie_info_idx mi_idx#t.id=ci.movie_id,t.id=mi_idx.movie_id#mi_idx.info_type_id,=,100#13626495
title t,movie_keyword mk,movie_info_idx mi_idx#t.id=mk.movie_id,t.id=mi_idx.movie_id#mi_idx.info_type_id,=,100#3461792
title t,movie_keyword mk,cast_info ci#t.id=mk.movie_id,t.id=ci.movie_id##215765477
movie_info_idx mi_idx,title t,movie_info mi#t.id=mi_idx.movie_id,t.id=mi.movie_id#mi_idx.info_type_id,=,100,mi.info_type_id,=,3#546205
cast_info ci,title t,movie_info mi#t.id=ci.movie_id,t.id=mi.movie_id#mi.info_type_id,=,3#26038298
movie_keyword mk,title t,movie_info mi#t.id=mk.movie_id,t.id=mi.movie_id#mi.info_type_id,=,3#8855087
cast_info ci,title t,movie_info_idx mi_idx#t.id=ci.movie_id,t.id=mi_idx.movie_id#mi_idx.info_type_id,=,100#13626495
movie_keyword mk,title t,movie_info_idx mi_idx#t.id=mk.movie_id,t.id=mi_idx.movie_id#mi_idx.info_type_id,=,100#3461792
movie_keyword mk,title t,cast_info ci#t.id=mk.movie_id,t.id=ci.movie_id##215765477
title t,cast_info ci,movie_info mi,movie_info_idx mi_idx#t.id=ci.movie_id,t.id=mi.movie_id,t.id=mi_idx.movie_id#mi.info_type_id,=,3,mi_idx.info_type_id,=,100#16461908
title t,movie_keyword mk,movie_info mi,movie_info_idx mi_idx#t.id=mk.movie_id,t.id=mi.movie_id,t.id=mi_idx.movie_id#mi.info_type_id,=,3,mi_idx.info_type_id,=,100#7567972
title t,movie_keyword mk,movie_info mi,cast_info ci#t.id=mk.movie_id,t.id=mi.movie_id,t.id=ci.movie_id#mi.info_type_id,=,3#510924327
title t,movie_keyword mk,movie_info_idx mi_idx,cast_info ci#t.id=mk.movie_id,t.id=mi_idx.movie_id,t.id=ci.movie_id#mi_idx.info_type_id,=,100#200542501
cast_info ci,title t,movie_info mi,movie_info_idx mi_idx#t.id=ci.movie_id,t.id=mi.movie_id,t.id=mi_idx.movie_id#mi.info_type_id,=,3,mi_idx.info_type_id,=,100#16461908
movie_keyword mk,title t,movie_info mi,movie_info_idx mi_idx#t.id=mk.movie_id,t.id=mi.movie_id,t.id=mi_idx.movie_id#mi.info_type_id,=,3,mi_idx.info_type_id,=,100#7567972
movie_keyword mk,title t,movie_info mi,cast_info ci#t.id=mk.movie_id,t.id=mi.movie_id,t.id=ci.movie_id#mi.info_type_id,=,3#510924327
movie_keyword mk,title t,movie_info_idx mi_idx,cast_info ci#t.id=mk.movie_id,t.id=mi_idx.movie_id,t.id=ci.movie_id#mi_idx.info_type_id,=,100#200542501
title t,movie_keyword mk,movie_info mi,movie_info_idx mi_idx,cast_info ci#t.id=mk.movie_id,t.id=mi.movie_id,t.id=mi_idx.movie_id,t.id=ci.movie_id#mi.info_type_id,=,3,mi_idx.info_type_id,=,100#492943940
movie_keyword mk,title t,movie_info mi,movie_info_idx mi_idx,cast_info ci#t.id=mk.movie_id,t.id=mi.movie_id,t.id=mi_idx.movie_id,t.id=ci.movie_id#mi.info_type_id,=,3,mi_idx.info_type_id,=,100#492943940
movie_info mi,title t#t.id=mi.movie_id#mi.info_type_id,=,3,t.production_year,>,2010#276630
movie_info_idx mi_idx,title t#t.id=mi_idx.movie_id#mi_idx.info_type_id,=,100,t.production_year,>,2010#43838
cast_info ci,title t#t.id=ci.movie_id#t.production_year,>,2010#5935230
movie_keyword mk,title t#t.id=mk.movie_id#t.production_year,>,2010#299534
title t,movie_info_idx mi_idx,movie_info mi#t.id=mi_idx.movie_id,t.id=mi.movie_id#mi_idx.info_type_id,=,100,mi.info_type_id,=,3#546205
title t,cast_info ci,movie_info mi#t.id=ci.movie_id,t.id=mi.movie_id#mi.info_type_id,=,3#26038298
title t,movie_keyword mk,movie_info mi#t.id=mk.movie_id,t.id=mi.movie_id#mi.info_type_id,=,3#8855087
title t,cast_info ci,movie_info_idx mi_idx#t.id=ci.movie_id,t.id=mi_idx.movie_id#mi_idx.info_type_id,=,100#13626495
title t,movie_keyword mk,movie_info_idx mi_idx#t.id=mk.movie_id,t.id=mi_idx.movie_id#mi_idx.info_type_id,=,100#3461792
title t,movie_keyword mk,cast_info ci#t.id=mk.movie_id,t.id=ci.movie_id##215765477
movie_info_idx mi_idx,title t,movie_info mi#t.id=mi_idx.movie_id,t.id=mi.movie_id#mi_idx.info_type_id,=,100,t.production_year,>,2010,mi.info_type_id,=,3#46654
cast_info ci,title t,movie_info mi#t.id=ci.movie_id,t.id=mi.movie_id#t.production_year,>,2010,mi.info_type_id,=,3#4308755
movie_keyword mk,title t,movie_info mi#t.id=mk.movie_id,t.id=mi.movie_id#t.production_year,>,2010,mi.info_type_id,=,3#464073
cast_info ci,title t,movie_info_idx mi_idx#t.id=ci.movie_id,t.id=mi_idx.movie_id#t.production_year,>,2010,mi_idx.info_type_id,=,100#1490360
movie_keyword mk,title t,movie_info_idx mi_idx#t.id=mk.movie_id,t.id=mi_idx.movie_id#t.production_year,>,2010,mi_idx.info_type_id,=,100#179616
movie_keyword mk,title t,cast_info ci#t.id=mk.movie_id,t.id=ci.movie_id#t.production_year,>,2010#17278181
title t,cast_info ci,movie_info mi,movie_info_idx mi_idx#t.id=ci.movie_id,t.id=mi.movie_id,t.id=mi_idx.movie_id#mi.info_type_id,=,3,mi_idx.info_type_id,=,100#16461908
title t,movie_keyword mk,movie_info mi,movie_info_idx mi_idx#t.id=mk.movie_id,t.id=mi.movie_id,t.id=mi_idx.movie_id#mi.info_type_id,=,3,mi_idx.info_type_id,=,100#7567972
title t,movie_keyword mk,movie_info mi,cast_info ci#t.id=mk.movie_id,t.id=mi.movie_id,t.id=ci.movie_id#mi.info_type_id,=,3#510924327
title t,movie_keyword mk,movie_info_idx mi_idx,cast_info ci#t.id=mk.movie_id,t.id=mi_idx.movie_id,t.id=ci.movie_id#mi_idx.info_type_id,=,100#200542501
cast_info ci,title t,movie_info mi,movie_info_idx mi_idx#t.id=ci.movie_id,t.id=mi.movie_id,t.id=mi_idx.movie_id#t.production_year,>,2010,mi.info_type_id,=,3,mi_idx.info_type_id,=,100#1436245
movie_keyword mk,title t,movie_info mi,movie_info_idx mi_idx#t.id=mk.movie_id,t.id=mi.movie_id,t.id=mi_idx.movie_id#t.production_year,>,2010,mi.info_type_id,=,3,mi_idx.info_type_id,=,100#306625
movie_keyword mk,title t,movie_info mi,cast_info ci#t.id=mk.movie_id,t.id=mi.movie_id,t.id=ci.movie_id#t.production_year,>,2010,mi.info_type_id,=,3#35755063
movie_keyword mk,title t,movie_info_idx mi_idx,cast_info ci#t.id=mk.movie_id,t.id=mi_idx.movie_id,t.id=ci.movie_id#t.production_year,>,2010,mi_idx.info_type_id,=,100#14791511
title t,movie_keyword mk,movie_info mi,movie_info_idx mi_idx,cast_info ci#t.id=mk.movie_id,t.id=mi.movie_id,t.id=mi_idx.movie_id,t.id=ci.movie_id#mi.info_type_id,=,3,mi_idx.info_type_id,=,100#492943940
movie_keyword mk,title t,movie_info mi,movie_info_idx mi_idx,cast_info ci#t.id=mk.movie_id,t.id=mi.movie_id,t.id=mi_idx.movie_id,t.id=ci.movie_id#t.production_year,>,2010,mi.info_type_id,=,3,mi_idx.info_type_id,=,100#32355583
cast_info ci,title t#t.id=ci.movie_id#t.production_year,>,2000,t.kind_id,=,1#4911717
movie_keyword mk,title t#t.id=mk.movie_id#t.production_year,>,2000,t.kind_id,=,1#1053171
movie_info_idx mi_idx,title t#t.id=mi_idx.movie_id#mi_idx.info_type_id,=,101,t.production_year,>,2000,t.kind_id,=,1#86572
title t,movie_keyword mk,cast_info ci#t.id=mk.movie_id,t.id=ci.movie_id##215765477
title t,movie_info_idx mi_idx,cast_info ci#t.id=mi_idx.movie_id,t.id=ci.movie_id#mi_idx.info_type_id,=,101#13626495
title t,movie_info_idx mi_idx,movie_keyword mk#t.id=mi_idx.movie_id,t.id=mk.movie_id#mi_idx.info_type_id,=,101#3461792
movie_keyword mk,title t,cast_info ci#t.id=mk.movie_id,t.id=ci.movie_id#t.production_year,>,2000,t.kind_id,=,1#84217062
movie_info_idx mi_idx,title t,cast_info ci#t.id=mi_idx.movie_id,t.id=ci.movie_id#mi_idx.info_type_id,=,101,t.production_year,>,2000,t.kind_id,=,1#2693690
movie_info_idx mi_idx,title t,movie_keyword mk#t.id=mi_idx.movie_id,t.id=mk.movie_id#mi_idx.info_type_id,=,101,t.production_year,>,2000,t.kind_id,=,1#897347
title t,movie_info_idx mi_idx,cast_info ci,movie_keyword mk#t.id=mi_idx.movie_id,t.id=ci.movie_id,t.id=mk.movie_id#mi_idx.info_type_id,=,101#200542501
movie_info_idx mi_idx,title t,cast_info ci,movie_keyword mk#t.id=mi_idx.movie_id,t.id=ci.movie_id,t.id=mk.movie_id#mi_idx.info_type_id,=,101,t.production_year,>,2000,t.kind_id,=,1#81495003
cast_info ci,title t#t.id=ci.movie_id#t.production_year,>,2005,t.kind_id,=,1#3785589
movie_keyword mk,title t#t.id=mk.movie_id#t.production_year,>,2005,t.kind_id,=,1#682355
movie_info_idx mi_idx,title t#t.id=mi_idx.movie_id#mi_idx.info_type_id,=,101,t.production_year,>,2005,t.kind_id,=,1#58024
title t,movie_keyword mk,cast_info ci#t.id=mk.movie_id,t.id=ci.movie_id##215765477
title t,movie_info_idx mi_idx,cast_info ci#t.id=mi_idx.movie_id,t.id=ci.movie_id#mi_idx.info_type_id,=,101#13626495
title t,movie_info_idx mi_idx,movie_keyword mk#t.id=mi_idx.movie_id,t.id=mk.movie_id#mi_idx.info_type_id,=,101#3461792
movie_keyword mk,title t,cast_info ci#t.id=mk.movie_id,t.id=ci.movie_id#t.production_year,>,2005,t.kind_id,=,1#53765709
movie_info_idx mi_idx,title t,cast_info ci#t.id=mi_idx.movie_id,t.id=ci.movie_id#mi_idx.info_type_id,=,101,t.production_year,>,2005,t.kind_id,=,1#1839592
movie_info_idx mi_idx,title t,movie_keyword mk#t.id=mi_idx.movie_id,t.id=mk.movie_id#mi_idx.info_type_id,=,101,t.production_year,>,2005,t.kind_id,=,1#547364
title t,movie_info_idx mi_idx,cast_info ci,movie_keyword mk#t.id=mi_idx.movie_id,t.id=ci.movie_id,t.id=mk.movie_id#mi_idx.info_type_id,=,101#200542501
movie_info_idx mi_idx,title t,cast_info ci,movie_keyword mk#t.id=mi_idx.movie_id,t.id=ci.movie_id,t.id=mk.movie_id#mi_idx.info_type_id,=,101,t.production_year,>,2005,t.kind_id,=,1#51282842
movie_keyword mk,title t#t.id=mk.movie_id#mk.keyword_id,=,398,t.production_year,=,1998#271
movie_companies mc,title t#t.id=mc.movie_id#mc.company_type_id,=,2,t.production_year,=,1998#20455
movie_info mi,title t#t.id=mi.movie_id#t.production_year,=,1998#250661
title t,movie_companies mc,movie_keyword mk#t.id=mc.movie_id,t.id=mk.movie_id#mc.company_type_id,=,2,mk.keyword_id,=,398#14102
title t,movie_info mi,movie_keyword mk#t.id=mi.movie_id,t.id=mk.movie_id#mk.keyword_id,=,398#327572
title t,movie_info mi,movie_companies mc#t.id=mi.movie_id,t.id=mc.movie_id#mc.company_type_id,=,2#19468013
movie_companies mc,title t,movie_keyword mk#t.id=mc.movie_id,t.id=mk.movie_id#mc.company_type_id,=,2,t.production_year,=,1998,mk.keyword_id,=,398#372
movie_info mi,title t,movie_keyword mk#t.id=mi.movie_id,t.id=mk.movie_id#t.production_year,=,1998,mk.keyword_id,=,398#8543
movie_info mi,title t,movie_companies mc#t.id=mi.movie_id,t.id=mc.movie_id#t.production_year,=,1998,mc.company_type_id,=,2#370041
title t,movie_info mi,movie_keyword mk,movie_companies mc#t.id=mi.movie_id,t.id=mk.movie_id,t.id=mc.movie_id#mk.keyword_id,=,398,mc.company_type_id,=,2#777546
movie_info mi,title t,movie_keyword mk,movie_companies mc#t.id=mi.movie_id,t.id=mk.movie_id,t.id=mc.movie_id#t.production_year,=,1998,mk.keyword_id,=,398,mc.company_type_id,=,2#19006
movie_info mi,title t#t.id=mi.movie_id#mi.info_type_id,=,8,t.production_year,>,2000#641527
movie_info_idx mi_idx,title t#t.id=mi_idx.movie_id#mi_idx.info_type_id,=,101,t.production_year,>,2000#221314
movie_keyword mk,title t#t.id=mk.movie_id#t.production_year,>,2000#1970380
movie_companies mc,title t#t.id=mc.movie_id#t.production_year,>,2000#1170186
title t,movie_info_idx mi_idx,movie_info mi#t.id=mi_idx.movie_id,t.id=mi.movie_id#mi_idx.info_type_id,=,101,mi.info_type_id,=,8#424997
title t,movie_keyword mk,movie_info mi#t.id=mk.movie_id,t.id=mi.movie_id#mi.info_type_id,=,8#5076091
title t,movie_companies mc,movie_info mi#t.id=mc.movie_id,t.id=mi.movie_id#mi.info_type_id,=,8#2565724
title t,movie_keyword mk,movie_info_idx mi_idx#t.id=mk.movie_id,t.id=mi_idx.movie_id#mi_idx.info_type_id,=,101#3461792
title t,movie_companies mc,movie_info_idx mi_idx#t.id=mc.movie_id,t.id=mi_idx.movie_id#mi_idx.info_type_id,=,101#1354883
title t,movie_companies mc,movie_keyword mk#t.id=mc.movie_id,t.id=mk.movie_id##34863638
movie_info_idx mi_idx,title t,movie_info mi#t.id=mi_idx.movie_id,t.id=mi.movie_id#mi_idx.info_type_id,=,101,t.production_year,>,2000,mi.info_type_id,=,8#198913
movie_keyword mk,title t,movie_info mi#t.id=mk.movie_id,t.id=mi.movie_id#t.production_year,>,2000,mi.info_type_id,=,8#2283714
movie_companies mc,title t,movie_info mi#t.id=mc.movie_id,t.id=mi.movie_id#t.production_year,>,2000,mi.info_type_id,=,8#1195290
movie_keyword mk,title t,movie_info_idx mi_idx#t.id=mk.movie_id,t.id=mi_idx.movie_id#t.production_year,>,2000,mi_idx.info_type_id,=,101#1402930
movie_companies mc,title t,movie_info_idx mi_idx#t.id=mc.movie_id,t.id=mi_idx.movie_id#t.production_year,>,2000,mi_idx.info_type_id,=,101#646073
movie_companies mc,title t,movie_keyword mk#t.id=mc.movie_id,t.id=mk.movie_id#t.production_year,>,2000#16657594
title t,movie_keyword mk,movie_info mi,movie_info_idx mi_idx#t.id=mk.movie_id,t.id=mi.movie_id,t.id=mi_idx.movie_id#mi.info_type_id,=,8,mi_idx.info_type_id,=,101#4168677
title t,movie_companies mc,movie_info mi,movie_info_idx mi_idx#t.id=mc.movie_id,t.id=mi.movie_id,t.id=mi_idx.movie_id#mi.info_type_id,=,8,mi_idx.info_type_id,=,101#1582553
title t,movie_companies mc,movie_info mi,movie_keyword mk#t.id=mc.movie_id,t.id=mi.movie_id,t.id=mk.movie_id#mi.info_type_id,=,8#50645370
title t,movie_companies mc,movie_info_idx mi_idx,movie_keyword mk#t.id=mc.movie_id,t.id=mi_idx.movie_id,t.id=mk.movie_id#mi_idx.info_type_id,=,101#33227886
movie_keyword mk,title t,movie_info mi,movie_info_idx mi_idx#t.id=mk.movie_id,t.id=mi.movie_id,t.id=mi_idx.movie_id#t.production_year,>,2000,mi.info_type_id,=,8,mi_idx.info_type_id,=,101#1801122
movie_companies mc,title t,movie_info mi,movie_info_idx mi_idx#t.id=mc.movie_id,t.id=mi.movie_id,t.id=mi_idx.movie_id#t.production_year,>,2000,mi.info_type_id,=,8,mi_idx.info_type_id,=,101#784265
movie_companies mc,title t,movie_info mi,movie_keyword mk#t.id=mc.movie_id,t.id=mi.movie_id,t.id=mk.movie_id#t.production_year,>,2000,mi.info_type_id,=,8#27360458
movie_companies mc,title t,movie_info_idx mi_idx,movie_keyword mk#t.id=mc.movie_id,t.id=mi_idx.movie_id,t.id=mk.movie_id#t.production_year,>,2000,mi_idx.info_type_id,=,101#16001104
title t,movie_companies mc,movie_info mi,movie_info_idx mi_idx,movie_keyword mk#t.id=mc.movie_id,t.id=mi.movie_id,t.id=mi_idx.movie_id,t.id=mk.movie_id#mi.info_type_id,=,8,mi_idx.info_type_id,=,101#49077237
movie_companies mc,title t,movie_info mi,movie_info_idx mi_idx,movie_keyword mk#t.id=mc.movie_id,t.id=mi.movie_id,t.id=mi_idx.movie_id,t.id=mk.movie_id#t.production_year,>,2000,mi.info_type_id,=,8,mi_idx.info_type_id,=,101#26718423
movie_info mi,title t#t.id=mi.movie_id#mi.info_type_id,=,8,t.production_year,>,2005#455223
movie_info_idx mi_idx,title t#t.id=mi_idx.movie_id#mi_idx.info_type_id,=,101,t.production_year,>,2005#143567
movie_keyword mk,title t#t.id=mk.movie_id#t.production_year,>,2005#1253091
movie_companies mc,title t#t.id=mc.movie_id#t.production_year,>,2005#829639
title t,movie_info_idx mi_idx,movie_info mi#t.id=mi_idx.movie_id,t.id=mi.movie_id#mi_idx.info_type_id,=,101,mi.info_type_id,=,8#424997
title t,movie_keyword mk,movie_info mi#t.id=mk.movie_id,t.id=mi.movie_id#mi.info_type_id,=,8#5076091
title t,movie_companies mc,movie_info mi#t.id=mc.movie_id,t.id=mi.movie_id#mi.info_type_id,=,8#2565724
title t,movie_keyword mk,movie_info_idx mi_idx#t.id=mk.movie_id,t.id=mi_idx.movie_id#mi_idx.info_type_id,=,101#3461792
title t,movie_companies mc,movie_info_idx mi_idx#t.id=mc.movie_id,t.id=mi_idx.movie_id#mi_idx.info_type_id,=,101#1354883
title t,movie_companies mc,movie_keyword mk#t.id=mc.movie_id,t.id=mk.movie_id##34863638
movie_info_idx mi_idx,title t,movie_info mi#t.id=mi_idx.movie_id,t.id=mi.movie_id#mi_idx.info_type_id,=,101,t.production_year,>,2005,mi.info_type_id,=,8#125530
movie_keyword mk,title t,movie_info mi#t.id=mk.movie_id,t.id=mi.movie_id#t.production_year,>,2005,mi.info_type_id,=,8#1384108
movie_companies mc,title t,movie_info mi#t.id=mc.movie_id,t.id=mi.movie_id#t.production_year,>,2005,mi.info_type_id,=,8#813700
movie_keyword mk,title t,movie_info_idx mi_idx#t.id=mk.movie_id,t.id=mi_idx.movie_id#t.production_year,>,2005,mi_idx.info_type_id,=,101#850677
movie_companies mc,title t,movie_info_idx mi_idx#t.id=mc.movie_id,t.id=mi_idx.movie_id#t.production_year,>,2005,mi_idx.info_type_id,=,101#427700
movie_companies mc,title t,movie_keyword mk#t.id=mc.movie_id,t.id=mk.movie_id#t.production_year,>,2005#10326085
title t,movie_keyword mk,movie_info mi,movie_info_idx mi_idx#t.id=mk.movie_id,t.id=mi.movie_id,t.id=mi_idx.movie_id#mi.info_type_id,=,8,mi_idx.info_type_id,=,101#4168677
title t,movie_companies mc,movie_info mi,movie_info_idx mi_idx#t.id=mc.movie_id,t.id=mi.movie_id,t.id=mi_idx.movie_id#mi.info_type_id,=,8,mi_idx.info_type_id,=,101#1582553
title t,movie_companies mc,movie_info mi,movie_keyword mk#t.id=mc.movie_id,t.id=mi.movie_id,t.id=mk.movie_id#mi.info_type_id,=,8#50645370
title t,movie_companies mc,movie_info_idx mi_idx,movie_keyword mk#t.id=mc.movie_id,t.id=mi_idx.movie_id,t.id=mk.movie_id#mi_idx.info_type_id,=,101#33227886
movie_keyword mk,title t,movie_info mi,movie_info_idx mi_idx#t.id=mk.movie_id,t.id=mi.movie_id,t.id=mi_idx.movie_id#t.production_year,>,2005,mi.info_type_id,=,8,mi_idx.info_type_id,=,101#1043763
movie_companies mc,title t,movie_info mi,movie_info_idx mi_idx#t.id=mc.movie_id,t.id=mi.movie_id,t.id=mi_idx.movie_id#t.production_year,>,2005,mi.info_type_id,=,8,mi_idx.info_type_id,=,101#508388
movie_companies mc,title t,movie_info mi,movie_keyword mk#t.id=mc.movie_id,t.id=mi.movie_id,t.id=mk.movie_id#t.production_year,>,2005,mi.info_type_id,=,8#16264315
movie_companies mc,title t,movie_info_idx mi_idx,movie_keyword mk#t.id=mc.movie_id,t.id=mi_idx.movie_id,t.id=mk.movie_id#t.production_year,>,2005,mi_idx.info_type_id,=,101#9861464
title t,movie_companies mc,movie_info mi,movie_info_idx mi_idx,movie_keyword mk#t.id=mc.movie_id,t.id=mi.movie_id,t.id=mi_idx.movie_id,t.id=mk.movie_id#mi.info_type_id,=,8,mi_idx.info_type_id,=,101#49077237
movie_companies mc,title t,movie_info mi,movie_info_idx mi_idx,movie_keyword mk#t.id=mc.movie_id,t.id=mi.movie_id,t.id=mi_idx.movie_id,t.id=mk.movie_id#t.production_year,>,2005,mi.info_type_id,=,8,mi_idx.info_type_id,=,101#15813608
movie_info mi,title t#t.id=mi.movie_id#mi.info_type_id,=,16,t.production_year,>,2000,t.production_year,<,2010#1185103
movie_companies mc,title t#t.id=mc.movie_id#t.production_year,>,2000,t.production_year,<,2010#760935
cast_info ci,title t#t.id=ci.movie_id#ci.role_id,=,2,t.production_year,>,2000,t.production_year,<,2010#2832163
movie_keyword mk,title t#t.id=mk.movie_id#mk.keyword_id,=,7084,t.production_year,>,2000,t.production_year,<,2010#199
title t,movie_companies mc,movie_info mi#t.id=mc.movie_id,t.id=mi.movie_id#mi.info_type_id,=,16#10905021
title t,cast_info ci,movie_info mi#t.id=ci.movie_id,t.id=mi.movie_id#ci.role_id,=,2,mi.info_type_id,=,16#14802622
title t,movie_keyword mk,movie_info mi#t.id=mk.movie_id,t.id=mi.movie_id#mk.keyword_id,=,7084,mi.info_type_id,=,16#4801
title t,cast_info ci,movie_companies mc#t.id=ci.movie_id,t.id=mc.movie_id#ci.role_id,=,2#13355828
title t,movie_keyword mk,movie_companies mc#t.id=mk.movie_id,t.id=mc.movie_id#mk.keyword_id,=,7084#3218
title t,movie_keyword mk,cast_info ci#t.id=mk.movie_id,t.id=ci.movie_id#mk.keyword_id,=,7084,ci.role_id,=,2#1821
movie_companies mc,title t,movie_info mi#t.id=mc.movie_id,t.id=mi.movie_id#t.production_year,>,2000,t.production_year,<,2010,mi.info_type_id,=,16#4733307
cast_info ci,title t,movie_info mi#t.id=ci.movie_id,t.id=mi.movie_id#ci.role_id,=,2,t.production_year,>,2000,t.production_year,<,2010,mi.info_type_id,=,16#6395484
movie_keyword mk,title t,movie_info mi#t.id=mk.movie_id,t.id=mi.movie_id#mk.keyword_id,=,7084,t.production_year,>,2000,t.production_year,<,2010,mi.info_type_id,=,16#3456
cast_info ci,title t,movie_companies mc#t.id=ci.movie_id,t.id=mc.movie_id#ci.role_id,=,2,t.production_year,>,2000,t.production_year,<,2010#4673376
movie_keyword mk,title t,movie_companies mc#t.id=mk.movie_id,t.id=mc.movie_id#mk.keyword_id,=,7084,t.production_year,>,2000,t.production_year,<,2010#2178
movie_keyword mk,title t,cast_info ci#t.id=mk.movie_id,t.id=ci.movie_id#mk.keyword_id,=,7084,t.production_year,>,2000,t.production_year,<,2010,ci.role_id,=,2#1254
title t,cast_info ci,movie_info mi,movie_companies mc#t.id=ci.movie_id,t.id=mi.movie_id,t.id=mc.movie_id#ci.role_id,=,2,mi.info_type_id,=,16#132317651
title t,movie_keyword mk,movie_info mi,movie_companies mc#t.id=mk.movie_id,t.id=mi.movie_id,t.id=mc.movie_id#mk.keyword_id,=,7084,mi.info_type_id,=,16#114260
title t,movie_keyword mk,movie_info mi,cast_info ci#t.id=mk.movie_id,t.id=mi.movie_id,t.id=ci.movie_id#mk.keyword_id,=,7084,mi.info_type_id,=,16,ci.role_id,=,2#57861
title t,movie_keyword mk,movie_companies mc,cast_info ci#t.id=mk.movie_id,t.id=mc.movie_id,t.id=ci.movie_id#mk.keyword_id,=,7084,ci.role_id,=,2#32299
cast_info ci,title t,movie_info mi,movie_companies mc#t.id=ci.movie_id,t.id=mi.movie_id,t.id=mc.movie_id#ci.role_id,=,2,t.production_year,>,2000,t.production_year,<,2010,mi.info_type_id,=,16#64293817
movie_keyword mk,title t,movie_info mi,movie_companies mc#t.id=mk.movie_id,t.id=mi.movie_id,t.id=mc.movie_id#mk.keyword_id,=,7084,t.production_year,>,2000,t.production_year,<,2010,mi.info_type_id,=,16#83888
movie_keyword mk,title t,movie_info mi,cast_info ci#t.id=mk.movie_id,t.id=mi.movie_id,t.id=ci.movie_id#mk.keyword_id,=,7084,t.production_year,>,2000,t.production_year,<,2010,mi.info_type_id,=,16,ci.role_id,=,2#41636
movie_keyword mk,title t,movie_companies mc,cast_info ci#t.id=mk.movie_id,t.id=mc.movie_id,t.id=ci.movie_id#mk.keyword_id,=,7084,t.production_year,>,2000,t.production_year,<,2010,ci.role_id,=,2#23853
title t,movie_keyword mk,movie_info mi,movie_companies mc,cast_info ci#t.id=mk.movie_id,t.id=mi.movie_id,t.id=mc.movie_id,t.id=ci.movie_id#mk.keyword_id,=,7084,mi.info_type_id,=,16,ci.role_id,=,2#1499619
movie_keyword mk,title t,movie_info mi,movie_companies mc,cast_info ci#t.id=mk.movie_id,t.id=mi.movie_id,t.id=mc.movie_id,t.id=ci.movie_id#mk.keyword_id,=,7084,t.production_year,>,2000,t.production_year,<,2010,mi.info_type_id,=,16,ci.role_id,=,2#1067496
movie_info mi,title t#t.id=mi.movie_id#mi.info_type_id,=,16,t.production_year,>,2000,t.production_year,<,2005#380792
movie_companies mc,title t#t.id=mc.movie_id#t.production_year,>,2000,t.production_year,<,2005#253054
cast_info ci,title t#t.id=ci.movie_id#ci.role_id,=,2,t.production_year,>,2000,t.production_year,<,2005#888285
movie_keyword mk,title t#t.id=mk.movie_id#mk.keyword_id,=,7084,t.production_year,>,2000,t.production_year,<,2005#100
title t,movie_companies mc,movie_info mi#t.id=mc.movie_id,t.id=mi.movie_id#mi.info_type_id,=,16#10905021
title t,cast_info ci,movie_info mi#t.id=ci.movie_id,t.id=mi.movie_id#ci.role_id,=,2,mi.info_type_id,=,16#14802622
title t,movie_keyword mk,movie_info mi#t.id=mk.movie_id,t.id=mi.movie_id#mk.keyword_id,=,7084,mi.info_type_id,=,16#4801
title t,cast_info ci,movie_companies mc#t.id=ci.movie_id,t.id=mc.movie_id#ci.role_id,=,2#13355828
title t,movie_keyword mk,movie_companies mc#t.id=mk.movie_id,t.id=mc.movie_id#mk.keyword_id,=,7084#3218
title t,movie_keyword mk,cast_info ci#t.id=mk.movie_id,t.id=ci.movie_id#mk.keyword_id,=,7084,ci.role_id,=,2#1821
movie_companies mc,title t,movie_info mi#t.id=mc.movie_id,t.id=mi.movie_id#t.production_year,>,2000,t.production_year,<,2005,mi.info_type_id,=,16#1672786
cast_info ci,title t,movie_info mi#t.id=ci.movie_id,t.id=mi.movie_id#ci.role_id,=,2,t.production_year,>,2000,t.production_year,<,2005,mi.info_type_id,=,16#2055206
movie_keyword mk,title t,movie_info mi#t.id=mk.movie_id,t.id=mi.movie_id#mk.keyword_id,=,7084,t.production_year,>,2000,t.production_year,<,2005,mi.info_type_id,=,16#1084
cast_info ci,title t,movie_companies mc#t.id=ci.movie_id,t.id=mc.movie_id#ci.role_id,=,2,t.production_year,>,2000,t.production_year,<,2005#1571072
movie_keyword mk,title t,movie_companies mc#t.id=mk.movie_id,t.id=mc.movie_id#mk.keyword_id,=,7084,t.production_year,>,2000,t.production_year,<,2005#777
movie_keyword mk,title t,cast_info ci#t.id=mk.movie_id,t.id=ci.movie_id#mk.keyword_id,=,7084,t.production_year,>,2000,t.production_year,<,2005,ci.role_id,=,2#467
title t,cast_info ci,movie_info mi,movie_companies mc#t.id=ci.movie_id,t.id=mi.movie_id,t.id=mc.movie_id#ci.role_id,=,2,mi.info_type_id,=,16#132317651
title t,movie_keyword mk,movie_info mi,movie_companies mc#t.id=mk.movie_id,t.id=mi.movie_id,t.id=mc.movie_id#mk.keyword_id,=,7084,mi.info_type_id,=,16#114260
title t,movie_keyword mk,movie_info mi,cast_info ci#t.id=mk.movie_id,t.id=mi.movie_id,t.id=ci.movie_id#mk.keyword_id,=,7084,mi.info_type_id,=,16,ci.role_id,=,2#57861
title t,movie_keyword mk,movie_companies mc,cast_info ci#t.id=mk.movie_id,t.id=mc.movie_id,t.id=ci.movie_id#mk.keyword_id,=,7084,ci.role_id,=,2#32299
cast_info ci,title t,movie_info mi,movie_companies mc#t.id=ci.movie_id,t.id=mi.movie_id,t.id=mc.movie_id#ci.role_id,=,2,t.production_year,>,2000,t.production_year,<,2005,mi.info_type_id,=,16#22138603
movie_keyword mk,title t,movie_info mi,movie_companies mc#t.id=mk.movie_id,t.id=mi.movie_id,t.id=mc.movie_id#mk.keyword_id,=,7084,t.production_year,>,2000,t.production_year,<,2005,mi.info_type_id,=,16#22926
movie_keyword mk,title t,movie_info mi,cast_info ci#t.id=mk.movie_id,t.id=mi.movie_id,t.id=ci.movie_id#mk.keyword_id,=,7084,t.production_year,>,2000,t.production_year,<,2005,mi.info_type_id,=,16,ci.role_id,=,2#11235
movie_keyword mk,title t,movie_companies mc,cast_info ci#t.id=mk.movie_id,t.id=mc.movie_id,t.id=ci.movie_id#mk.keyword_id,=,7084,t.production_year,>,2000,t.production_year,<,2005,ci.role_id,=,2#7143
title t,movie_keyword mk,movie_info mi,movie_companies mc,cast_info ci#t.id=mk.movie_id,t.id=mi.movie_id,t.id=mc.movie_id,t.id=ci.movie_id#mk.keyword_id,=,7084,mi.info_type_id,=,16,ci.role_id,=,2#1499619
movie_keyword mk,title t,movie_info mi,movie_companies mc,cast_info ci#t.id=mk.movie_id,t.id=mi.movie_id,t.id=mc.movie_id,t.id=ci.movie_id#mk.keyword_id,=,7084,t.production_year,>,2000,t.production_year,<,2005,mi.info_type_id,=,16,ci.role_id,=,2#268172
movie_info mi,title t#t.id=mi.movie_id#mi.info_type_id,=,3,t.production_year,>,2000#815187
movie_info_idx mi_idx,title t#t.id=mi_idx.movie_id#mi_idx.info_type_id,=,100,t.production_year,>,2000#221314
cast_info ci,title t#t.id=ci.movie_id#t.production_year,>,2000#21334720
movie_keyword mk,title t#t.id=mk.movie_id#t.production_year,>,2000#1970380
title t,movie_info_idx mi_idx,movie_info mi#t.id=mi_idx.movie_id,t.id=mi.movie_id#mi_idx.info_type_id,=,100,mi.info_type_id,=,3#546205
title t,cast_info ci,movie_info mi#t.id=ci.movie_id,t.id=mi.movie_id#mi.info_type_id,=,3#26038298
title t,movie_keyword mk,movie_info mi#t.id=mk.movie_id,t.id=mi.movie_id#mi.info_type_id,=,3#8855087
title t,cast_info ci,movie_info_idx mi_idx#t.id=ci.movie_id,t.id=mi_idx.movie_id#mi_idx.info_type_id,=,100#13626495
title t,movie_keyword mk,movie_info_idx mi_idx#t.id=mk.movie_id,t.id=mi_idx.movie_id#mi_idx.info_type_id,=,100#3461792
title t,movie_keyword mk,cast_info ci#t.id=mk.movie_id,t.id=ci.movie_id##215765477
movie_info_idx mi_idx,title t,movie_info mi#t.id=mi_idx.movie_id,t.id=mi.movie_id#mi_idx.info_type_id,=,100,t.production_year,>,2000,mi.info_type_id,=,3#257633
cast_info ci,title t,movie_info mi#t.id=ci.movie_id,t.id=mi.movie_id#t.production_year,>,2000,mi.info_type_id,=,3#14392622
movie_keyword mk,title t,movie_info mi#t.id=mk.movie_id,t.id=mi.movie_id#t.production_year,>,2000,mi.info_type_id,=,3#3564358
cast_info ci,title t,movie_info_idx mi_idx#t.id=ci.movie_id,t.id=mi_idx.movie_id#t.production_year,>,2000,mi_idx.info_type_id,=,100#7097988
movie_keyword mk,title t,movie_info_idx mi_idx#t.id=mk.movie_id,t.id=mi_idx.movie_id#t.production_year,>,2000,mi_idx.info_type_id,=,100#1402930
movie_keyword mk,title t,cast_info ci#t.id=mk.movie_id,t.id=ci.movie_id#t.production_year,>,2000#114182642
title t,cast_info ci,movie_info mi,movie_info_idx mi_idx#t.id=ci.movie_id,t.id=mi.movie_id,t.id=mi_idx.movie_id#mi.info_type_id,=,3,mi_idx.info_type_id,=,100#16461908
title t,movie_keyword mk,movie_info mi,movie_info_idx mi_idx#t.id=mk.movie_id,t.id=mi.movie_id,t.id=mi_idx.movie_id#mi.info_type_id,=,3,mi_idx.info_type_id,=,100#7567972
title t,movie_keyword mk,movie_info mi,cast_info ci#t.id=mk.movie_id,t.id=mi.movie_id,t.id=ci.movie_id#mi.info_type_id,=,3#510924327
title t,movie_keyword mk,movie_info_idx mi_idx,cast_info ci#t.id=mk.movie_id,t.id=mi_idx.movie_id,t.id=ci.movie_id#mi_idx.info_type_id,=,100#200542501
cast_info ci,title t,movie_info mi,movie_info_idx mi_idx#t.id=ci.movie_id,t.id=mi.movie_id,t.id=mi_idx.movie_id#t.production_year,>,2000,mi.info_type_id,=,3,mi_idx.info_type_id,=,100#8005670
movie_keyword mk,title t,movie_info mi,movie_info_idx mi_idx#t.id=mk.movie_id,t.id=mi.movie_id,t.id=mi_idx.movie_id#t.production_year,>,2000,mi.info_type_id,=,3,mi_idx.info_type_id,=,100#2912311
movie_keyword mk,title t,movie_info mi,cast_info ci#t.id=mk.movie_id,t.id=mi.movie_id,t.id=ci.movie_id#t.production_year,>,2000,mi.info_type_id,=,3#268238061
movie_keyword mk,title t,movie_info_idx mi_idx,cast_info ci#t.id=mk.movie_id,t.id=mi_idx.movie_id,t.id=ci.movie_id#t.production_year,>,2000,mi_idx.info_type_id,=,100#104984070
title t,movie_keyword mk,movie_info mi,movie_info_idx mi_idx,cast_info ci#t.id=mk.movie_id,t.id=mi.movie_id,t.id=mi_idx.movie_id,t.id=ci.movie_id#mi.info_type_id,=,3,mi_idx.info_type_id,=,100#492943940
movie_keyword mk,title t,movie_info mi,movie_info_idx mi_idx,cast_info ci#t.id=mk.movie_id,t.id=mi.movie_id,t.id=mi_idx.movie_id,t.id=ci.movie_id#t.production_year,>,2000,mi.info_type_id,=,3,mi_idx.info_type_id,=,100#258385218